CPU,GPU,Motherboard,RAM,Storage,PSU,Total Price,Total Wattage
AMD Ryzen 5 5500,Radeon RX 6700 XT,MSI B550M PRO-VDH WiFi,Kingston Fury Beast 64GB DDR4,WD Blue 4TB HDD,Corsair CV550,1234.99,909
AMD Ryzen 5 5500,GeForce RTX 3060 Ti,MSI B550M PRO-VDH WiFi,Kingston Fury Beast 64GB DDR4,WD Blue 4TB HDD,Corsair CV550,1304.99,879
AMD Ryzen 5 5500,GeForce RTX 2060 SUPER,MSI B550M PRO-VDH WiFi,Kingston Fury Beast 64GB DDR4,WD Blue 4TB HDD,Corsair CV550,1233.8899999999999,854
AMD Ryzen 5 5500,GeForce RTX 3070 Ti,MSI B550M PRO-VDH WiFi,Kingston Fury Beast 64GB DDR4,WD Blue 4TB HDD,Corsair CV550,1454.99,969
AMD Ryzen 5 5500,GeForce RTX 3070,MSI B550M PRO-VDH WiFi,Kingston Fury Beast 64GB DDR4,WD Blue 4TB HDD,Corsair CV550,1424.99,899
AMD Ryzen 5 5500,GeForce GTX 1080 Ti,MSI B550M PRO-VDH WiFi,Kingston Fury Beast 64GB DDR4,WD Blue 4TB HDD,Corsair CV550,1309.15,929
AMD Ryzen 5 5500,GeForce RTX 2070 SUPER,MSI B550M PRO-VDH WiFi,Kingston Fury Beast 64GB DDR4,WD Blue 4TB HDD,Corsair CV550,1318.8,894
AMD Ryzen 5 5500,GeForce RTX 2080,MSI B550M PRO-VDH WiFi,Kingston Fury Beast 64GB DDR4,WD Blue 4TB HDD,Corsair CV550,1338.03,929
AMD Ryzen 5 5500,GeForce RTX 2080 SUPER,MSI B550M PRO-VDH WiFi,Kingston Fury Beast 64GB DDR4,WD Blue 4TB HDD,Corsair CV550,1388.99,929
AMD Ryzen 5 5500,GeForce RTX 3060 Ti,MSI B550M PRO-VDH WiFi,Kingston Fury Beast 64GB DDR4,Seagate Barracuda 2TB HDD,Corsair CV550,1254.99,878
AMD Ryzen 5 5500,GeForce RTX 3070 Ti,MSI B550M PRO-VDH WiFi,Kingston Fury Beast 64GB DDR4,Seagate Barracuda 2TB HDD,Corsair CV550,1404.99,968
AMD Ryzen 5 5500,GeForce RTX 3070,MSI B550M PRO-VDH WiFi,Kingston Fury Beast 64GB DDR4,Seagate Barracuda 2TB HDD,Corsair CV550,1374.99,898
AMD Ryzen 5 5500,GeForce GTX 1080 Ti,MSI B550M PRO-VDH WiFi,Kingston Fury Beast 64GB DDR4,Seagate Barracuda 2TB HDD,Corsair CV550,1259.15,928
AMD Ryzen 5 5500,GeForce RTX 2070 SUPER,MSI B550M PRO-VDH WiFi,Kingston Fury Beast 64GB DDR4,Seagate Barracuda 2TB HDD,Corsair CV550,1268.8,893
AMD Ryzen 5 5500,GeForce RTX 2080,MSI B550M PRO-VDH WiFi,Kingston Fury Beast 64GB DDR4,Seagate Barracuda 2TB HDD,Corsair CV550,1288.03,928
AMD Ryzen 5 5500,GeForce RTX 2080 SUPER,MSI B550M PRO-VDH WiFi,Kingston Fury Beast 64GB DDR4,Seagate Barracuda 2TB HDD,Corsair CV550,1338.99,928
AMD Ryzen 5 5500,Radeon RX 6700 XT,MSI B550M PRO-VDH WiFi,Kingston Fury Beast 64GB DDR4,Crucial P3 Plus 2TB NVMe SSD,Corsair CV550,1274.99,907
AMD Ryzen 5 5500,GeForce RTX 3060 Ti,MSI B550M PRO-VDH WiFi,Kingston Fury Beast 64GB DDR4,Crucial P3 Plus 2TB NVMe SSD,Corsair CV550,1344.99,877
AMD Ryzen 5 5500,GeForce RTX 2060 SUPER,MSI B550M PRO-VDH WiFi,Kingston Fury Beast 64GB DDR4,Crucial P3 Plus 2TB NVMe SSD,Corsair CV550,1273.8899999999999,852
AMD Ryzen 5 5500,GeForce RTX 3070 Ti,MSI B550M PRO-VDH WiFi,Kingston Fury Beast 64GB DDR4,Crucial P3 Plus 2TB NVMe SSD,Corsair CV550,1494.99,967
AMD Ryzen 5 5500,GeForce RTX 3070,MSI B550M PRO-VDH WiFi,Kingston Fury Beast 64GB DDR4,Crucial P3 Plus 2TB NVMe SSD,Corsair CV550,1464.99,897
AMD Ryzen 5 5500,GeForce GTX 1080 Ti,MSI B550M PRO-VDH WiFi,Kingston Fury Beast 64GB DDR4,Crucial P3 Plus 2TB NVMe SSD,Corsair CV550,1349.15,927
AMD Ryzen 5 5500,GeForce RTX 2070 SUPER,MSI B550M PRO-VDH WiFi,Kingston Fury Beast 64GB DDR4,Crucial P3 Plus 2TB NVMe SSD,Corsair CV550,1358.8,892
AMD Ryzen 5 5500,GeForce RTX 2080,MSI B550M PRO-VDH WiFi,Kingston Fury Beast 64GB DDR4,Crucial P3 Plus 2TB NVMe SSD,Corsair CV550,1378.03,927
AMD Ryzen 5 5500,GeForce RTX 2080 SUPER,MSI B550M PRO-VDH WiFi,Kingston Fury Beast 64GB DDR4,Crucial P3 Plus 2TB NVMe SSD,Corsair CV550,1428.99,927
AMD Ryzen 5 5500,GeForce RTX 3060 Ti,MSI B550M PRO-VDH WiFi,Corsair Vengeance LPX 32GB DDR4,WD Blue 4TB HDD,Corsair CV550,1210.99,874
AMD Ryzen 5 5500,GeForce RTX 3070 Ti,MSI B550M PRO-VDH WiFi,Corsair Vengeance LPX 32GB DDR4,WD Blue 4TB HDD,Corsair CV550,1360.99,964
AMD Ryzen 5 5500,GeForce RTX 3070,MSI B550M PRO-VDH WiFi,Corsair Vengeance LPX 32GB DDR4,WD Blue 4TB HDD,Corsair CV550,1330.99,894
AMD Ryzen 5 5500,GeForce GTX 1080 Ti,MSI B550M PRO-VDH WiFi,Corsair Vengeance LPX 32GB DDR4,WD Blue 4TB HDD,Corsair CV550,1215.15,924
AMD Ryzen 5 5500,GeForce RTX 2070 SUPER,MSI B550M PRO-VDH WiFi,Corsair Vengeance LPX 32GB DDR4,WD Blue 4TB HDD,Corsair CV550,1224.8,889
AMD Ryzen 5 5500,GeForce RTX 2080,MSI B550M PRO-VDH WiFi,Corsair Vengeance LPX 32GB DDR4,WD Blue 4TB HDD,Corsair CV550,1244.03,924
AMD Ryzen 5 5500,GeForce RTX 2080 SUPER,MSI B550M PRO-VDH WiFi,Corsair Vengeance LPX 32GB DDR4,WD Blue 4TB HDD,Corsair CV550,1294.99,924
AMD Ryzen 5 5500,GeForce RTX 3070 Ti,MSI B550M PRO-VDH WiFi,Corsair Vengeance LPX 32GB DDR4,Seagate Barracuda 2TB HDD,Corsair CV550,1310.99,963
AMD Ryzen 5 5500,GeForce RTX 3070,MSI B550M PRO-VDH WiFi,Corsair Vengeance LPX 32GB DDR4,Seagate Barracuda 2TB HDD,Corsair CV550,1280.99,893
AMD Ryzen 5 5500,GeForce RTX 2080 SUPER,MSI B550M PRO-VDH WiFi,Corsair Vengeance LPX 32GB DDR4,Seagate Barracuda 2TB HDD,Corsair CV550,1244.99,923
AMD Ryzen 5 5500,GeForce RTX 3060 Ti,MSI B550M PRO-VDH WiFi,Corsair Vengeance LPX 32GB DDR4,Crucial P3 Plus 2TB NVMe SSD,Corsair CV550,1250.99,872
AMD Ryzen 5 5500,GeForce RTX 3070 Ti,MSI B550M PRO-VDH WiFi,Corsair Vengeance LPX 32GB DDR4,Crucial P3 Plus 2TB NVMe SSD,Corsair CV550,1400.99,962
AMD Ryzen 5 5500,GeForce RTX 3070,MSI B550M PRO-VDH WiFi,Corsair Vengeance LPX 32GB DDR4,Crucial P3 Plus 2TB NVMe SSD,Corsair CV550,1370.99,892
AMD Ryzen 5 5500,GeForce GTX 1080 Ti,MSI B550M PRO-VDH WiFi,Corsair Vengeance LPX 32GB DDR4,Crucial P3 Plus 2TB NVMe SSD,Corsair CV550,1255.15,922
AMD Ryzen 5 5500,GeForce RTX 2070 SUPER,MSI B550M PRO-VDH WiFi,Corsair Vengeance LPX 32GB DDR4,Crucial P3 Plus 2TB NVMe SSD,Corsair CV550,1264.8,887
AMD Ryzen 5 5500,GeForce RTX 2080,MSI B550M PRO-VDH WiFi,Corsair Vengeance LPX 32GB DDR4,Crucial P3 Plus 2TB NVMe SSD,Corsair CV550,1284.03,922
AMD Ryzen 5 5500,GeForce RTX 2080 SUPER,MSI B550M PRO-VDH WiFi,Corsair Vengeance LPX 32GB DDR4,Crucial P3 Plus 2TB NVMe SSD,Corsair CV550,1334.99,922
AMD Ryzen 5 5500,GeForce RTX 3060 Ti,MSI B550M PRO-VDH WiFi,G.Skill Ripjaws V 32GB DDR4,WD Blue 4TB HDD,Corsair CV550,1214.99,874
AMD Ryzen 5 5500,GeForce RTX 3070 Ti,MSI B550M PRO-VDH WiFi,G.Skill Ripjaws V 32GB DDR4,WD Blue 4TB HDD,Corsair CV550,1364.99,964
AMD Ryzen 5 5500,GeForce RTX 3070,MSI B550M PRO-VDH WiFi,G.Skill Ripjaws V 32GB DDR4,WD Blue 4TB HDD,Corsair CV550,1334.99,894
AMD Ryzen 5 5500,GeForce GTX 1080 Ti,MSI B550M PRO-VDH WiFi,G.Skill Ripjaws V 32GB DDR4,WD Blue 4TB HDD,Corsair CV550,1219.15,924
AMD Ryzen 5 5500,GeForce RTX 2070 SUPER,MSI B550M PRO-VDH WiFi,G.Skill Ripjaws V 32GB DDR4,WD Blue 4TB HDD,Corsair CV550,1228.8,889
AMD Ryzen 5 5500,GeForce RTX 2080,MSI B550M PRO-VDH WiFi,G.Skill Ripjaws V 32GB DDR4,WD Blue 4TB HDD,Corsair CV550,1248.03,924
AMD Ryzen 5 5500,GeForce RTX 2080 SUPER,MSI B550M PRO-VDH WiFi,G.Skill Ripjaws V 32GB DDR4,WD Blue 4TB HDD,Corsair CV550,1298.99,924
AMD Ryzen 5 5500,GeForce RTX 3070 Ti,MSI B550M PRO-VDH WiFi,G.Skill Ripjaws V 32GB DDR4,Seagate Barracuda 2TB HDD,Corsair CV550,1314.99,963
AMD Ryzen 5 5500,GeForce RTX 3070,MSI B550M PRO-VDH WiFi,G.Skill Ripjaws V 32GB DDR4,Seagate Barracuda 2TB HDD,Corsair CV550,1284.99,893
AMD Ryzen 5 5500,GeForce RTX 2080 SUPER,MSI B550M PRO-VDH WiFi,G.Skill Ripjaws V 32GB DDR4,Seagate Barracuda 2TB HDD,Corsair CV550,1248.99,923
AMD Ryzen 5 5500,GeForce RTX 3060 Ti,MSI B550M PRO-VDH WiFi,G.Skill Ripjaws V 32GB DDR4,Crucial P3 Plus 2TB NVMe SSD,Corsair CV550,1254.99,872
AMD Ryzen 5 5500,GeForce RTX 3070 Ti,MSI B550M PRO-VDH WiFi,G.Skill Ripjaws V 32GB DDR4,Crucial P3 Plus 2TB NVMe SSD,Corsair CV550,1404.99,962
AMD Ryzen 5 5500,GeForce RTX 3070,MSI B550M PRO-VDH WiFi,G.Skill Ripjaws V 32GB DDR4,Crucial P3 Plus 2TB NVMe SSD,Corsair CV550,1374.99,892
AMD Ryzen 5 5500,GeForce GTX 1080 Ti,MSI B550M PRO-VDH WiFi,G.Skill Ripjaws V 32GB DDR4,Crucial P3 Plus 2TB NVMe SSD,Corsair CV550,1259.15,922
AMD Ryzen 5 5500,GeForce RTX 2070 SUPER,MSI B550M PRO-VDH WiFi,G.Skill Ripjaws V 32GB DDR4,Crucial P3 Plus 2TB NVMe SSD,Corsair CV550,1268.8,887
AMD Ryzen 5 5500,GeForce RTX 2080,MSI B550M PRO-VDH WiFi,G.Skill Ripjaws V 32GB DDR4,Crucial P3 Plus 2TB NVMe SSD,Corsair CV550,1288.03,922
AMD Ryzen 5 5500,GeForce RTX 2080 SUPER,MSI B550M PRO-VDH WiFi,G.Skill Ripjaws V 32GB DDR4,Crucial P3 Plus 2TB NVMe SSD,Corsair CV550,1338.99,922
AMD Ryzen 5 4500,Radeon RX 6700 XT,MSI B550M PRO-VDH WiFi,Kingston Fury Beast 64GB DDR4,WD Blue 4TB HDD,Corsair CV550,1217.74,909
AMD Ryzen 5 4500,GeForce RTX 3060 Ti,MSI B550M PRO-VDH WiFi,Kingston Fury Beast 64GB DDR4,WD Blue 4TB HDD,Corsair CV550,1287.74,879
AMD Ryzen 5 4500,GeForce RTX 2060 SUPER,MSI B550M PRO-VDH WiFi,Kingston Fury Beast 64GB DDR4,WD Blue 4TB HDD,Corsair CV550,1216.6399999999999,854
AMD Ryzen 5 4500,GeForce RTX 3070 Ti,MSI B550M PRO-VDH WiFi,Kingston Fury Beast 64GB DDR4,WD Blue 4TB HDD,Corsair CV550,1437.74,969
AMD Ryzen 5 4500,GeForce RTX 3070,MSI B550M PRO-VDH WiFi,Kingston Fury Beast 64GB DDR4,WD Blue 4TB HDD,Corsair CV550,1407.74,899
AMD Ryzen 5 4500,GeForce GTX 1080 Ti,MSI B550M PRO-VDH WiFi,Kingston Fury Beast 64GB DDR4,WD Blue 4TB HDD,Corsair CV550,1291.9,929
AMD Ryzen 5 4500,GeForce RTX 2070 SUPER,MSI B550M PRO-VDH WiFi,Kingston Fury Beast 64GB DDR4,WD Blue 4TB HDD,Corsair CV550,1301.55,894
AMD Ryzen 5 4500,GeForce RTX 2080,MSI B550M PRO-VDH WiFi,Kingston Fury Beast 64GB DDR4,WD Blue 4TB HDD,Corsair CV550,1320.78,929
AMD Ryzen 5 4500,GeForce RTX 2080 SUPER,MSI B550M PRO-VDH WiFi,Kingston Fury Beast 64GB DDR4,WD Blue 4TB HDD,Corsair CV550,1371.74,929
AMD Ryzen 5 4500,GeForce RTX 3060 Ti,MSI B550M PRO-VDH WiFi,Kingston Fury Beast 64GB DDR4,Seagate Barracuda 2TB HDD,Corsair CV550,1237.74,878
AMD Ryzen 5 4500,GeForce RTX 3070 Ti,MSI B550M PRO-VDH WiFi,Kingston Fury Beast 64GB DDR4,Seagate Barracuda 2TB HDD,Corsair CV550,1387.74,968
AMD Ryzen 5 4500,GeForce RTX 3070,MSI B550M PRO-VDH WiFi,Kingston Fury Beast 64GB DDR4,Seagate Barracuda 2TB HDD,Corsair CV550,1357.74,898
AMD Ryzen 5 4500,GeForce GTX 1080 Ti,MSI B550M PRO-VDH WiFi,Kingston Fury Beast 64GB DDR4,Seagate Barracuda 2TB HDD,Corsair CV550,1241.9,928
AMD Ryzen 5 4500,GeForce RTX 2070 SUPER,MSI B550M PRO-VDH WiFi,Kingston Fury Beast 64GB DDR4,Seagate Barracuda 2TB HDD,Corsair CV550,1251.55,893
AMD Ryzen 5 4500,GeForce RTX 2080,MSI B550M PRO-VDH WiFi,Kingston Fury Beast 64GB DDR4,Seagate Barracuda 2TB HDD,Corsair CV550,1270.78,928
AMD Ryzen 5 4500,GeForce RTX 2080 SUPER,MSI B550M PRO-VDH WiFi,Kingston Fury Beast 64GB DDR4,Seagate Barracuda 2TB HDD,Corsair CV550,1321.74,928
AMD Ryzen 5 4500,Radeon RX 6700 XT,MSI B550M PRO-VDH WiFi,Kingston Fury Beast 64GB DDR4,Crucial P3 Plus 2TB NVMe SSD,Corsair CV550,1257.74,907
AMD Ryzen 5 4500,GeForce RTX 3060 Ti,MSI B550M PRO-VDH WiFi,Kingston Fury Beast 64GB DDR4,Crucial P3 Plus 2TB NVMe SSD,Corsair CV550,1327.74,877
AMD Ryzen 5 4500,GeForce RTX 2060 SUPER,MSI B550M PRO-VDH WiFi,Kingston Fury Beast 64GB DDR4,Crucial P3 Plus 2TB NVMe SSD,Corsair CV550,1256.6399999999999,852
AMD Ryzen 5 4500,GeForce RTX 3070 Ti,MSI B550M PRO-VDH WiFi,Kingston Fury Beast 64GB DDR4,Crucial P3 Plus 2TB NVMe SSD,Corsair CV550,1477.74,967
AMD Ryzen 5 4500,GeForce RTX 3070,MSI B550M PRO-VDH WiFi,Kingston Fury Beast 64GB DDR4,Crucial P3 Plus 2TB NVMe SSD,Corsair CV550,1447.74,897
AMD Ryzen 5 4500,GeForce GTX 1080 Ti,MSI B550M PRO-VDH WiFi,Kingston Fury Beast 64GB DDR4,Crucial P3 Plus 2TB NVMe SSD,Corsair CV550,1331.9,927
AMD Ryzen 5 4500,GeForce RTX 2070 SUPER,MSI B550M PRO-VDH WiFi,Kingston Fury Beast 64GB DDR4,Crucial P3 Plus 2TB NVMe SSD,Corsair CV550,1341.55,892
AMD Ryzen 5 4500,GeForce RTX 2080,MSI B550M PRO-VDH WiFi,Kingston Fury Beast 64GB DDR4,Crucial P3 Plus 2TB NVMe SSD,Corsair CV550,1360.78,927
AMD Ryzen 5 4500,GeForce RTX 2080 SUPER,MSI B550M PRO-VDH WiFi,Kingston Fury Beast 64GB DDR4,Crucial P3 Plus 2TB NVMe SSD,Corsair CV550,1411.74,927
AMD Ryzen 5 4500,GeForce RTX 3070 Ti,MSI B550M PRO-VDH WiFi,Corsair Vengeance LPX 32GB DDR4,WD Blue 4TB HDD,Corsair CV550,1343.74,964
AMD Ryzen 5 4500,GeForce RTX 3070,MSI B550M PRO-VDH WiFi,Corsair Vengeance LPX 32GB DDR4,WD Blue 4TB HDD,Corsair CV550,1313.74,894
AMD Ryzen 5 4500,GeForce RTX 2070 SUPER,MSI B550M PRO-VDH WiFi,Corsair Vengeance LPX 32GB DDR4,WD Blue 4TB HDD,Corsair CV550,1207.55,889
AMD Ryzen 5 4500,GeForce RTX 2080,MSI B550M PRO-VDH WiFi,Corsair Vengeance LPX 32GB DDR4,WD Blue 4TB HDD,Corsair CV550,1226.78,924
AMD Ryzen 5 4500,GeForce RTX 2080 SUPER,MSI B550M PRO-VDH WiFi,Corsair Vengeance LPX 32GB DDR4,WD Blue 4TB HDD,Corsair CV550,1277.74,924
AMD Ryzen 5 4500,GeForce RTX 3070 Ti,MSI B550M PRO-VDH WiFi,Corsair Vengeance LPX 32GB DDR4,Seagate Barracuda 2TB HDD,Corsair CV550,1293.74,963
AMD Ryzen 5 4500,GeForce RTX 3070,MSI B550M PRO-VDH WiFi,Corsair Vengeance LPX 32GB DDR4,Seagate Barracuda 2TB HDD,Corsair CV550,1263.74,893
AMD Ryzen 5 4500,GeForce RTX 2080 SUPER,MSI B550M PRO-VDH WiFi,Corsair Vengeance LPX 32GB DDR4,Seagate Barracuda 2TB HDD,Corsair CV550,1227.74,923
AMD Ryzen 5 4500,GeForce RTX 3060 Ti,MSI B550M PRO-VDH WiFi,Corsair Vengeance LPX 32GB DDR4,Crucial P3 Plus 2TB NVMe SSD,Corsair CV550,1233.74,872
AMD Ryzen 5 4500,GeForce RTX 3070 Ti,MSI B550M PRO-VDH WiFi,Corsair Vengeance LPX 32GB DDR4,Crucial P3 Plus 2TB NVMe SSD,Corsair CV550,1383.74,962
AMD Ryzen 5 4500,GeForce RTX 3070,MSI B550M PRO-VDH WiFi,Corsair Vengeance LPX 32GB DDR4,Crucial P3 Plus 2TB NVMe SSD,Corsair CV550,1353.74,892
AMD Ryzen 5 4500,GeForce GTX 1080 Ti,MSI B550M PRO-VDH WiFi,Corsair Vengeance LPX 32GB DDR4,Crucial P3 Plus 2TB NVMe SSD,Corsair CV550,1237.9,922
AMD Ryzen 5 4500,GeForce RTX 2070 SUPER,MSI B550M PRO-VDH WiFi,Corsair Vengeance LPX 32GB DDR4,Crucial P3 Plus 2TB NVMe SSD,Corsair CV550,1247.55,887
AMD Ryzen 5 4500,GeForce RTX 2080,MSI B550M PRO-VDH WiFi,Corsair Vengeance LPX 32GB DDR4,Crucial P3 Plus 2TB NVMe SSD,Corsair CV550,1266.78,922
AMD Ryzen 5 4500,GeForce RTX 2080 SUPER,MSI B550M PRO-VDH WiFi,Corsair Vengeance LPX 32GB DDR4,Crucial P3 Plus 2TB NVMe SSD,Corsair CV550,1317.74,922
AMD Ryzen 5 4500,GeForce RTX 3070 Ti,MSI B550M PRO-VDH WiFi,G.Skill Ripjaws V 32GB DDR4,WD Blue 4TB HDD,Corsair CV550,1347.74,964
AMD Ryzen 5 4500,GeForce RTX 3070,MSI B550M PRO-VDH WiFi,G.Skill Ripjaws V 32GB DDR4,WD Blue 4TB HDD,Corsair CV550,1317.74,894
AMD Ryzen 5 4500,GeForce GTX 1080 Ti,MSI B550M PRO-VDH WiFi,G.Skill Ripjaws V 32GB DDR4,WD Blue 4TB HDD,Corsair CV550,1201.9,924
AMD Ryzen 5 4500,GeForce RTX 2070 SUPER,MSI B550M PRO-VDH WiFi,G.Skill Ripjaws V 32GB DDR4,WD Blue 4TB HDD,Corsair CV550,1211.55,889
AMD Ryzen 5 4500,GeForce RTX 2080,MSI B550M PRO-VDH WiFi,G.Skill Ripjaws V 32GB DDR4,WD Blue 4TB HDD,Corsair CV550,1230.78,924
AMD Ryzen 5 4500,GeForce RTX 2080 SUPER,MSI B550M PRO-VDH WiFi,G.Skill Ripjaws V 32GB DDR4,WD Blue 4TB HDD,Corsair CV550,1281.74,924
AMD Ryzen 5 4500,GeForce RTX 3070 Ti,MSI B550M PRO-VDH WiFi,G.Skill Ripjaws V 32GB DDR4,Seagate Barracuda 2TB HDD,Corsair CV550,1297.74,963
AMD Ryzen 5 4500,GeForce RTX 3070,MSI B550M PRO-VDH WiFi,G.Skill Ripjaws V 32GB DDR4,Seagate Barracuda 2TB HDD,Corsair CV550,1267.74,893
AMD Ryzen 5 4500,GeForce RTX 2080 SUPER,MSI B550M PRO-VDH WiFi,G.Skill Ripjaws V 32GB DDR4,Seagate Barracuda 2TB HDD,Corsair CV550,1231.74,923
AMD Ryzen 5 4500,GeForce RTX 3060 Ti,MSI B550M PRO-VDH WiFi,G.Skill Ripjaws V 32GB DDR4,Crucial P3 Plus 2TB NVMe SSD,Corsair CV550,1237.74,872
AMD Ryzen 5 4500,GeForce RTX 3070 Ti,MSI B550M PRO-VDH WiFi,G.Skill Ripjaws V 32GB DDR4,Crucial P3 Plus 2TB NVMe SSD,Corsair CV550,1387.74,962
AMD Ryzen 5 4500,GeForce RTX 3070,MSI B550M PRO-VDH WiFi,G.Skill Ripjaws V 32GB DDR4,Crucial P3 Plus 2TB NVMe SSD,Corsair CV550,1357.74,892
AMD Ryzen 5 4500,GeForce GTX 1080 Ti,MSI B550M PRO-VDH WiFi,G.Skill Ripjaws V 32GB DDR4,Crucial P3 Plus 2TB NVMe SSD,Corsair CV550,1241.9,922
AMD Ryzen 5 4500,GeForce RTX 2070 SUPER,MSI B550M PRO-VDH WiFi,G.Skill Ripjaws V 32GB DDR4,Crucial P3 Plus 2TB NVMe SSD,Corsair CV550,1251.55,887
AMD Ryzen 5 4500,GeForce RTX 2080,MSI B550M PRO-VDH WiFi,G.Skill Ripjaws V 32GB DDR4,Crucial P3 Plus 2TB NVMe SSD,Corsair CV550,1270.78,922
AMD Ryzen 5 4500,GeForce RTX 2080 SUPER,MSI B550M PRO-VDH WiFi,G.Skill Ripjaws V 32GB DDR4,Crucial P3 Plus 2TB NVMe SSD,Corsair CV550,1321.74,922
AMD Ryzen 5 3600,Radeon RX 6700 XT,MSI B550M PRO-VDH WiFi,Kingston Fury Beast 64GB DDR4,WD Blue 4TB HDD,Corsair CV550,1229.48,909
AMD Ryzen 5 3600,GeForce RTX 3060 Ti,MSI B550M PRO-VDH WiFi,Kingston Fury Beast 64GB DDR4,WD Blue 4TB HDD,Corsair CV550,1299.48,879
AMD Ryzen 5 3600,GeForce RTX 2060 SUPER,MSI B550M PRO-VDH WiFi,Kingston Fury Beast 64GB DDR4,WD Blue 4TB HDD,Corsair CV550,1228.38,854
AMD Ryzen 5 3600,GeForce RTX 3070 Ti,MSI B550M PRO-VDH WiFi,Kingston Fury Beast 64GB DDR4,WD Blue 4TB HDD,Corsair CV550,1449.48,969
AMD Ryzen 5 3600,GeForce RTX 3070,MSI B550M PRO-VDH WiFi,Kingston Fury Beast 64GB DDR4,WD Blue 4TB HDD,Corsair CV550,1419.48,899
AMD Ryzen 5 3600,GeForce GTX 1080 Ti,MSI B550M PRO-VDH WiFi,Kingston Fury Beast 64GB DDR4,WD Blue 4TB HDD,Corsair CV550,1303.6399999999999,929
AMD Ryzen 5 3600,GeForce RTX 2070 SUPER,MSI B550M PRO-VDH WiFi,Kingston Fury Beast 64GB DDR4,WD Blue 4TB HDD,Corsair CV550,1313.29,894
AMD Ryzen 5 3600,GeForce RTX 2080,MSI B550M PRO-VDH WiFi,Kingston Fury Beast 64GB DDR4,WD Blue 4TB HDD,Corsair CV550,1332.52,929
AMD Ryzen 5 3600,GeForce RTX 2080 SUPER,MSI B550M PRO-VDH WiFi,Kingston Fury Beast 64GB DDR4,WD Blue 4TB HDD,Corsair CV550,1383.48,929
AMD Ryzen 5 3600,GeForce RTX 3060 Ti,MSI B550M PRO-VDH WiFi,Kingston Fury Beast 64GB DDR4,Seagate Barracuda 2TB HDD,Corsair CV550,1249.48,878
AMD Ryzen 5 3600,GeForce RTX 3070 Ti,MSI B550M PRO-VDH WiFi,Kingston Fury Beast 64GB DDR4,Seagate Barracuda 2TB HDD,Corsair CV550,1399.48,968
AMD Ryzen 5 3600,GeForce RTX 3070,MSI B550M PRO-VDH WiFi,Kingston Fury Beast 64GB DDR4,Seagate Barracuda 2TB HDD,Corsair CV550,1369.48,898
AMD Ryzen 5 3600,GeForce GTX 1080 Ti,MSI B550M PRO-VDH WiFi,Kingston Fury Beast 64GB DDR4,Seagate Barracuda 2TB HDD,Corsair CV550,1253.6399999999999,928
AMD Ryzen 5 3600,GeForce RTX 2070 SUPER,MSI B550M PRO-VDH WiFi,Kingston Fury Beast 64GB DDR4,Seagate Barracuda 2TB HDD,Corsair CV550,1263.29,893
AMD Ryzen 5 3600,GeForce RTX 2080,MSI B550M PRO-VDH WiFi,Kingston Fury Beast 64GB DDR4,Seagate Barracuda 2TB HDD,Corsair CV550,1282.52,928
AMD Ryzen 5 3600,GeForce RTX 2080 SUPER,MSI B550M PRO-VDH WiFi,Kingston Fury Beast 64GB DDR4,Seagate Barracuda 2TB HDD,Corsair CV550,1333.48,928
AMD Ryzen 5 3600,Radeon RX 6700 XT,MSI B550M PRO-VDH WiFi,Kingston Fury Beast 64GB DDR4,Crucial P3 Plus 2TB NVMe SSD,Corsair CV550,1269.48,907
AMD Ryzen 5 3600,GeForce RTX 3060 Ti,MSI B550M PRO-VDH WiFi,Kingston Fury Beast 64GB DDR4,Crucial P3 Plus 2TB NVMe SSD,Corsair CV550,1339.48,877
AMD Ryzen 5 3600,GeForce RTX 2060 SUPER,MSI B550M PRO-VDH WiFi,Kingston Fury Beast 64GB DDR4,Crucial P3 Plus 2TB NVMe SSD,Corsair CV550,1268.38,852
AMD Ryzen 5 3600,GeForce RTX 3070 Ti,MSI B550M PRO-VDH WiFi,Kingston Fury Beast 64GB DDR4,Crucial P3 Plus 2TB NVMe SSD,Corsair CV550,1489.48,967
AMD Ryzen 5 3600,GeForce RTX 3070,MSI B550M PRO-VDH WiFi,Kingston Fury Beast 64GB DDR4,Crucial P3 Plus 2TB NVMe SSD,Corsair CV550,1459.48,897
AMD Ryzen 5 3600,GeForce GTX 1080 Ti,MSI B550M PRO-VDH WiFi,Kingston Fury Beast 64GB DDR4,Crucial P3 Plus 2TB NVMe SSD,Corsair CV550,1343.6399999999999,927
AMD Ryzen 5 3600,GeForce RTX 2070 SUPER,MSI B550M PRO-VDH WiFi,Kingston Fury Beast 64GB DDR4,Crucial P3 Plus 2TB NVMe SSD,Corsair CV550,1353.29,892
AMD Ryzen 5 3600,GeForce RTX 2080,MSI B550M PRO-VDH WiFi,Kingston Fury Beast 64GB DDR4,Crucial P3 Plus 2TB NVMe SSD,Corsair CV550,1372.52,927
AMD Ryzen 5 3600,GeForce RTX 2080 SUPER,MSI B550M PRO-VDH WiFi,Kingston Fury Beast 64GB DDR4,Crucial P3 Plus 2TB NVMe SSD,Corsair CV550,1423.48,927
AMD Ryzen 5 3600,GeForce RTX 3060 Ti,MSI B550M PRO-VDH WiFi,Corsair Vengeance LPX 32GB DDR4,WD Blue 4TB HDD,Corsair CV550,1205.48,874
AMD Ryzen 5 3600,GeForce RTX 3070 Ti,MSI B550M PRO-VDH WiFi,Corsair Vengeance LPX 32GB DDR4,WD Blue 4TB HDD,Corsair CV550,1355.48,964
AMD Ryzen 5 3600,GeForce RTX 3070,MSI B550M PRO-VDH WiFi,Corsair Vengeance LPX 32GB DDR4,WD Blue 4TB HDD,Corsair CV550,1325.48,894
AMD Ryzen 5 3600,GeForce GTX 1080 Ti,MSI B550M PRO-VDH WiFi,Corsair Vengeance LPX 32GB DDR4,WD Blue 4TB HDD,Corsair CV550,1209.6399999999999,924
AMD Ryzen 5 3600,GeForce RTX 2070 SUPER,MSI B550M PRO-VDH WiFi,Corsair Vengeance LPX 32GB DDR4,WD Blue 4TB HDD,Corsair CV550,1219.29,889
AMD Ryzen 5 3600,GeForce RTX 2080,MSI B550M PRO-VDH WiFi,Corsair Vengeance LPX 32GB DDR4,WD Blue 4TB HDD,Corsair CV550,1238.52,924
AMD Ryzen 5 3600,GeForce RTX 2080 SUPER,MSI B550M PRO-VDH WiFi,Corsair Vengeance LPX 32GB DDR4,WD Blue 4TB HDD,Corsair CV550,1289.48,924
AMD Ryzen 5 3600,GeForce RTX 3070 Ti,MSI B550M PRO-VDH WiFi,Corsair Vengeance LPX 32GB DDR4,Seagate Barracuda 2TB HDD,Corsair CV550,1305.48,963
AMD Ryzen 5 3600,GeForce RTX 3070,MSI B550M PRO-VDH WiFi,Corsair Vengeance LPX 32GB DDR4,Seagate Barracuda 2TB HDD,Corsair CV550,1275.48,893
AMD Ryzen 5 3600,GeForce RTX 2080 SUPER,MSI B550M PRO-VDH WiFi,Corsair Vengeance LPX 32GB DDR4,Seagate Barracuda 2TB HDD,Corsair CV550,1239.48,923
AMD Ryzen 5 3600,GeForce RTX 3060 Ti,MSI B550M PRO-VDH WiFi,Corsair Vengeance LPX 32GB DDR4,Crucial P3 Plus 2TB NVMe SSD,Corsair CV550,1245.48,872
AMD Ryzen 5 3600,GeForce RTX 3070 Ti,MSI B550M PRO-VDH WiFi,Corsair Vengeance LPX 32GB DDR4,Crucial P3 Plus 2TB NVMe SSD,Corsair CV550,1395.48,962
AMD Ryzen 5 3600,GeForce RTX 3070,MSI B550M PRO-VDH WiFi,Corsair Vengeance LPX 32GB DDR4,Crucial P3 Plus 2TB NVMe SSD,Corsair CV550,1365.48,892
AMD Ryzen 5 3600,GeForce GTX 1080 Ti,MSI B550M PRO-VDH WiFi,Corsair Vengeance LPX 32GB DDR4,Crucial P3 Plus 2TB NVMe SSD,Corsair CV550,1249.6399999999999,922
AMD Ryzen 5 3600,GeForce RTX 2070 SUPER,MSI B550M PRO-VDH WiFi,Corsair Vengeance LPX 32GB DDR4,Crucial P3 Plus 2TB NVMe SSD,Corsair CV550,1259.29,887
AMD Ryzen 5 3600,GeForce RTX 2080,MSI B550M PRO-VDH WiFi,Corsair Vengeance LPX 32GB DDR4,Crucial P3 Plus 2TB NVMe SSD,Corsair CV550,1278.52,922
AMD Ryzen 5 3600,GeForce RTX 2080 SUPER,MSI B550M PRO-VDH WiFi,Corsair Vengeance LPX 32GB DDR4,Crucial P3 Plus 2TB NVMe SSD,Corsair CV550,1329.48,922
AMD Ryzen 5 3600,GeForce RTX 3060 Ti,MSI B550M PRO-VDH WiFi,G.Skill Ripjaws V 32GB DDR4,WD Blue 4TB HDD,Corsair CV550,1209.48,874
AMD Ryzen 5 3600,GeForce RTX 3070 Ti,MSI B550M PRO-VDH WiFi,G.Skill Ripjaws V 32GB DDR4,WD Blue 4TB HDD,Corsair CV550,1359.48,964
AMD Ryzen 5 3600,GeForce RTX 3070,MSI B550M PRO-VDH WiFi,G.Skill Ripjaws V 32GB DDR4,WD Blue 4TB HDD,Corsair CV550,1329.48,894
AMD Ryzen 5 3600,GeForce GTX 1080 Ti,MSI B550M PRO-VDH WiFi,G.Skill Ripjaws V 32GB DDR4,WD Blue 4TB HDD,Corsair CV550,1213.6399999999999,924
AMD Ryzen 5 3600,GeForce RTX 2070 SUPER,MSI B550M PRO-VDH WiFi,G.Skill Ripjaws V 32GB DDR4,WD Blue 4TB HDD,Corsair CV550,1223.29,889
AMD Ryzen 5 3600,GeForce RTX 2080,MSI B550M PRO-VDH WiFi,G.Skill Ripjaws V 32GB DDR4,WD Blue 4TB HDD,Corsair CV550,1242.52,924
AMD Ryzen 5 3600,GeForce RTX 2080 SUPER,MSI B550M PRO-VDH WiFi,G.Skill Ripjaws V 32GB DDR4,WD Blue 4TB HDD,Corsair CV550,1293.48,924
AMD Ryzen 5 3600,GeForce RTX 3070 Ti,MSI B550M PRO-VDH WiFi,G.Skill Ripjaws V 32GB DDR4,Seagate Barracuda 2TB HDD,Corsair CV550,1309.48,963
AMD Ryzen 5 3600,GeForce RTX 3070,MSI B550M PRO-VDH WiFi,G.Skill Ripjaws V 32GB DDR4,Seagate Barracuda 2TB HDD,Corsair CV550,1279.48,893
AMD Ryzen 5 3600,GeForce RTX 2080 SUPER,MSI B550M PRO-VDH WiFi,G.Skill Ripjaws V 32GB DDR4,Seagate Barracuda 2TB HDD,Corsair CV550,1243.48,923
AMD Ryzen 5 3600,GeForce RTX 3060 Ti,MSI B550M PRO-VDH WiFi,G.Skill Ripjaws V 32GB DDR4,Crucial P3 Plus 2TB NVMe SSD,Corsair CV550,1249.48,872
AMD Ryzen 5 3600,GeForce RTX 3070 Ti,MSI B550M PRO-VDH WiFi,G.Skill Ripjaws V 32GB DDR4,Crucial P3 Plus 2TB NVMe SSD,Corsair CV550,1399.48,962
AMD Ryzen 5 3600,GeForce RTX 3070,MSI B550M PRO-VDH WiFi,G.Skill Ripjaws V 32GB DDR4,Crucial P3 Plus 2TB NVMe SSD,Corsair CV550,1369.48,892
AMD Ryzen 5 3600,GeForce GTX 1080 Ti,MSI B550M PRO-VDH WiFi,G.Skill Ripjaws V 32GB DDR4,Crucial P3 Plus 2TB NVMe SSD,Corsair CV550,1253.6399999999999,922
AMD Ryzen 5 3600,GeForce RTX 2070 SUPER,MSI B550M PRO-VDH WiFi,G.Skill Ripjaws V 32GB DDR4,Crucial P3 Plus 2TB NVMe SSD,Corsair CV550,1263.29,887
AMD Ryzen 5 3600,GeForce RTX 2080,MSI B550M PRO-VDH WiFi,G.Skill Ripjaws V 32GB DDR4,Crucial P3 Plus 2TB NVMe SSD,Corsair CV550,1282.52,922
AMD Ryzen 5 3600,GeForce RTX 2080 SUPER,MSI B550M PRO-VDH WiFi,G.Skill Ripjaws V 32GB DDR4,Crucial P3 Plus 2TB NVMe SSD,Corsair CV550,1333.48,922
AMD Ryzen 5 5600,Radeon RX 6700 XT,MSI B550M PRO-VDH WiFi,Kingston Fury Beast 64GB DDR4,WD Blue 4TB HDD,Corsair CV550,1265.98,909
AMD Ryzen 5 5600,GeForce RTX 3060 Ti,MSI B550M PRO-VDH WiFi,Kingston Fury Beast 64GB DDR4,WD Blue 4TB HDD,Corsair CV550,1335.98,879
AMD Ryzen 5 5600,GeForce RTX 2060 SUPER,MSI B550M PRO-VDH WiFi,Kingston Fury Beast 64GB DDR4,WD Blue 4TB HDD,Corsair CV550,1264.88,854
AMD Ryzen 5 5600,GeForce RTX 3070 Ti,MSI B550M PRO-VDH WiFi,Kingston Fury Beast 64GB DDR4,WD Blue 4TB HDD,Corsair CV550,1485.98,969
AMD Ryzen 5 5600,GeForce RTX 3070,MSI B550M PRO-VDH WiFi,Kingston Fury Beast 64GB DDR4,WD Blue 4TB HDD,Corsair CV550,1455.98,899
AMD Ryzen 5 5600,GeForce GTX 1080 Ti,MSI B550M PRO-VDH WiFi,Kingston Fury Beast 64GB DDR4,WD Blue 4TB HDD,Corsair CV550,1340.1399999999999,929
AMD Ryzen 5 5600,GeForce RTX 2070 SUPER,MSI B550M PRO-VDH WiFi,Kingston Fury Beast 64GB DDR4,WD Blue 4TB HDD,Corsair CV550,1349.79,894
AMD Ryzen 5 5600,GeForce RTX 2080,MSI B550M PRO-VDH WiFi,Kingston Fury Beast 64GB DDR4,WD Blue 4TB HDD,Corsair CV550,1369.02,929
AMD Ryzen 5 5600,GeForce RTX 2080 SUPER,MSI B550M PRO-VDH WiFi,Kingston Fury Beast 64GB DDR4,WD Blue 4TB HDD,Corsair CV550,1419.98,929
AMD Ryzen 5 5600,Radeon RX 6700 XT,MSI B550M PRO-VDH WiFi,Kingston Fury Beast 64GB DDR4,Seagate Barracuda 2TB HDD,Corsair CV550,1215.98,908
AMD Ryzen 5 5600,GeForce RTX 3060 Ti,MSI B550M PRO-VDH WiFi,Kingston Fury Beast 64GB DDR4,Seagate Barracuda 2TB HDD,Corsair CV550,1285.98,878
AMD Ryzen 5 5600,GeForce RTX 2060 SUPER,MSI B550M PRO-VDH WiFi,Kingston Fury Beast 64GB DDR4,Seagate Barracuda 2TB HDD,Corsair CV550,1214.88,853
AMD Ryzen 5 5600,GeForce RTX 3070 Ti,MSI B550M PRO-VDH WiFi,Kingston Fury Beast 64GB DDR4,Seagate Barracuda 2TB HDD,Corsair CV550,1435.98,968
AMD Ryzen 5 5600,GeForce RTX 3070,MSI B550M PRO-VDH WiFi,Kingston Fury Beast 64GB DDR4,Seagate Barracuda 2TB HDD,Corsair CV550,1405.98,898
AMD Ryzen 5 5600,GeForce GTX 1080 Ti,MSI B550M PRO-VDH WiFi,Kingston Fury Beast 64GB DDR4,Seagate Barracuda 2TB HDD,Corsair CV550,1290.1399999999999,928
AMD Ryzen 5 5600,GeForce RTX 2070 SUPER,MSI B550M PRO-VDH WiFi,Kingston Fury Beast 64GB DDR4,Seagate Barracuda 2TB HDD,Corsair CV550,1299.79,893
AMD Ryzen 5 5600,GeForce RTX 2080,MSI B550M PRO-VDH WiFi,Kingston Fury Beast 64GB DDR4,Seagate Barracuda 2TB HDD,Corsair CV550,1319.02,928
AMD Ryzen 5 5600,GeForce RTX 2080 SUPER,MSI B550M PRO-VDH WiFi,Kingston Fury Beast 64GB DDR4,Seagate Barracuda 2TB HDD,Corsair CV550,1369.98,928
AMD Ryzen 5 5600,Radeon RX 6700 XT,MSI B550M PRO-VDH WiFi,Kingston Fury Beast 64GB DDR4,Crucial P3 Plus 2TB NVMe SSD,Corsair CV550,1305.98,907
AMD Ryzen 5 5600,GeForce GTX 1080,MSI B550M PRO-VDH WiFi,Kingston Fury Beast 64GB DDR4,Crucial P3 Plus 2TB NVMe SSD,Corsair CV550,1218.78,857
AMD Ryzen 5 5600,GeForce RTX 3060 Ti,MSI B550M PRO-VDH WiFi,Kingston Fury Beast 64GB DDR4,Crucial P3 Plus 2TB NVMe SSD,Corsair CV550,1375.98,877
AMD Ryzen 5 5600,GeForce RTX 2060 SUPER,MSI B550M PRO-VDH WiFi,Kingston Fury Beast 64GB DDR4,Crucial P3 Plus 2TB NVMe SSD,Corsair CV550,1304.88,852
AMD Ryzen 5 5600,GeForce RTX 3070,MSI B550M PRO-VDH WiFi,Kingston Fury Beast 64GB DDR4,Crucial P3 Plus 2TB NVMe SSD,Corsair CV550,1495.98,897
AMD Ryzen 5 5600,GeForce GTX 1080 Ti,MSI B550M PRO-VDH WiFi,Kingston Fury Beast 64GB DDR4,Crucial P3 Plus 2TB NVMe SSD,Corsair CV550,1380.1399999999999,927
AMD Ryzen 5 5600,GeForce RTX 2070 SUPER,MSI B550M PRO-VDH WiFi,Kingston Fury Beast 64GB DDR4,Crucial P3 Plus 2TB NVMe SSD,Corsair CV550,1389.79,892
AMD Ryzen 5 5600,GeForce RTX 2080,MSI B550M PRO-VDH WiFi,Kingston Fury Beast 64GB DDR4,Crucial P3 Plus 2TB NVMe SSD,Corsair CV550,1409.02,927
AMD Ryzen 5 5600,GeForce RTX 2080 SUPER,MSI B550M PRO-VDH WiFi,Kingston Fury Beast 64GB DDR4,Crucial P3 Plus 2TB NVMe SSD,Corsair CV550,1459.98,927
AMD Ryzen 5 5600,GeForce RTX 3060 Ti,MSI B550M PRO-VDH WiFi,Corsair Vengeance LPX 32GB DDR4,WD Blue 4TB HDD,Corsair CV550,1241.98,874
AMD Ryzen 5 5600,GeForce RTX 3070 Ti,MSI B550M PRO-VDH WiFi,Corsair Vengeance LPX 32GB DDR4,WD Blue 4TB HDD,Corsair CV550,1391.98,964
AMD Ryzen 5 5600,GeForce RTX 3070,MSI B550M PRO-VDH WiFi,Corsair Vengeance LPX 32GB DDR4,WD Blue 4TB HDD,Corsair CV550,1361.98,894
AMD Ryzen 5 5600,GeForce GTX 1080 Ti,MSI B550M PRO-VDH WiFi,Corsair Vengeance LPX 32GB DDR4,WD Blue 4TB HDD,Corsair CV550,1246.1399999999999,924
AMD Ryzen 5 5600,GeForce RTX 2070 SUPER,MSI B550M PRO-VDH WiFi,Corsair Vengeance LPX 32GB DDR4,WD Blue 4TB HDD,Corsair CV550,1255.79,889
AMD Ryzen 5 5600,GeForce RTX 2080,MSI B550M PRO-VDH WiFi,Corsair Vengeance LPX 32GB DDR4,WD Blue 4TB HDD,Corsair CV550,1275.02,924
AMD Ryzen 5 5600,GeForce RTX 2080 SUPER,MSI B550M PRO-VDH WiFi,Corsair Vengeance LPX 32GB DDR4,WD Blue 4TB HDD,Corsair CV550,1325.98,924
AMD Ryzen 5 5600,GeForce RTX 3070 Ti,MSI B550M PRO-VDH WiFi,Corsair Vengeance LPX 32GB DDR4,Seagate Barracuda 2TB HDD,Corsair CV550,1341.98,963
AMD Ryzen 5 5600,GeForce RTX 3070,MSI B550M PRO-VDH WiFi,Corsair Vengeance LPX 32GB DDR4,Seagate Barracuda 2TB HDD,Corsair CV550,1311.98,893
AMD Ryzen 5 5600,GeForce RTX 2070 SUPER,MSI B550M PRO-VDH WiFi,Corsair Vengeance LPX 32GB DDR4,Seagate Barracuda 2TB HDD,Corsair CV550,1205.79,888
AMD Ryzen 5 5600,GeForce RTX 2080,MSI B550M PRO-VDH WiFi,Corsair Vengeance LPX 32GB DDR4,Seagate Barracuda 2TB HDD,Corsair CV550,1225.02,923
AMD Ryzen 5 5600,GeForce RTX 2080 SUPER,MSI B550M PRO-VDH WiFi,Corsair Vengeance LPX 32GB DDR4,Seagate Barracuda 2TB HDD,Corsair CV550,1275.98,923
AMD Ryzen 5 5600,Radeon RX 6700 XT,MSI B550M PRO-VDH WiFi,Corsair Vengeance LPX 32GB DDR4,Crucial P3 Plus 2TB NVMe SSD,Corsair CV550,1211.98,902
AMD Ryzen 5 5600,GeForce RTX 3060 Ti,MSI B550M PRO-VDH WiFi,Corsair Vengeance LPX 32GB DDR4,Crucial P3 Plus 2TB NVMe SSD,Corsair CV550,1281.98,872
AMD Ryzen 5 5600,GeForce RTX 2060 SUPER,MSI B550M PRO-VDH WiFi,Corsair Vengeance LPX 32GB DDR4,Crucial P3 Plus 2TB NVMe SSD,Corsair CV550,1210.88,847
AMD Ryzen 5 5600,GeForce RTX 3070 Ti,MSI B550M PRO-VDH WiFi,Corsair Vengeance LPX 32GB DDR4,Crucial P3 Plus 2TB NVMe SSD,Corsair CV550,1431.98,962
AMD Ryzen 5 5600,GeForce RTX 3070,MSI B550M PRO-VDH WiFi,Corsair Vengeance LPX 32GB DDR4,Crucial P3 Plus 2TB NVMe SSD,Corsair CV550,1401.98,892
AMD Ryzen 5 5600,GeForce GTX 1080 Ti,MSI B550M PRO-VDH WiFi,Corsair Vengeance LPX 32GB DDR4,Crucial P3 Plus 2TB NVMe SSD,Corsair CV550,1286.1399999999999,922
AMD Ryzen 5 5600,GeForce RTX 2070 SUPER,MSI B550M PRO-VDH WiFi,Corsair Vengeance LPX 32GB DDR4,Crucial P3 Plus 2TB NVMe SSD,Corsair CV550,1295.79,887
AMD Ryzen 5 5600,GeForce RTX 2080,MSI B550M PRO-VDH WiFi,Corsair Vengeance LPX 32GB DDR4,Crucial P3 Plus 2TB NVMe SSD,Corsair CV550,1315.02,922
AMD Ryzen 5 5600,GeForce RTX 2080 SUPER,MSI B550M PRO-VDH WiFi,Corsair Vengeance LPX 32GB DDR4,Crucial P3 Plus 2TB NVMe SSD,Corsair CV550,1365.98,922
AMD Ryzen 5 5600,GeForce RTX 3060 Ti,MSI B550M PRO-VDH WiFi,G.Skill Ripjaws V 32GB DDR4,WD Blue 4TB HDD,Corsair CV550,1245.98,874
AMD Ryzen 5 5600,GeForce RTX 3070 Ti,MSI B550M PRO-VDH WiFi,G.Skill Ripjaws V 32GB DDR4,WD Blue 4TB HDD,Corsair CV550,1395.98,964
AMD Ryzen 5 5600,GeForce RTX 3070,MSI B550M PRO-VDH WiFi,G.Skill Ripjaws V 32GB DDR4,WD Blue 4TB HDD,Corsair CV550,1365.98,894
AMD Ryzen 5 5600,GeForce GTX 1080 Ti,MSI B550M PRO-VDH WiFi,G.Skill Ripjaws V 32GB DDR4,WD Blue 4TB HDD,Corsair CV550,1250.1399999999999,924
AMD Ryzen 5 5600,GeForce RTX 2070 SUPER,MSI B550M PRO-VDH WiFi,G.Skill Ripjaws V 32GB DDR4,WD Blue 4TB HDD,Corsair CV550,1259.79,889
AMD Ryzen 5 5600,GeForce RTX 2080,MSI B550M PRO-VDH WiFi,G.Skill Ripjaws V 32GB DDR4,WD Blue 4TB HDD,Corsair CV550,1279.02,924
AMD Ryzen 5 5600,GeForce RTX 2080 SUPER,MSI B550M PRO-VDH WiFi,G.Skill Ripjaws V 32GB DDR4,WD Blue 4TB HDD,Corsair CV550,1329.98,924
AMD Ryzen 5 5600,GeForce RTX 3070 Ti,MSI B550M PRO-VDH WiFi,G.Skill Ripjaws V 32GB DDR4,Seagate Barracuda 2TB HDD,Corsair CV550,1345.98,963
AMD Ryzen 5 5600,GeForce RTX 3070,MSI B550M PRO-VDH WiFi,G.Skill Ripjaws V 32GB DDR4,Seagate Barracuda 2TB HDD,Corsair CV550,1315.98,893
AMD Ryzen 5 5600,GeForce GTX 1080 Ti,MSI B550M PRO-VDH WiFi,G.Skill Ripjaws V 32GB DDR4,Seagate Barracuda 2TB HDD,Corsair CV550,1200.1399999999999,923
AMD Ryzen 5 5600,GeForce RTX 2070 SUPER,MSI B550M PRO-VDH WiFi,G.Skill Ripjaws V 32GB DDR4,Seagate Barracuda 2TB HDD,Corsair CV550,1209.79,888
AMD Ryzen 5 5600,GeForce RTX 2080,MSI B550M PRO-VDH WiFi,G.Skill Ripjaws V 32GB DDR4,Seagate Barracuda 2TB HDD,Corsair CV550,1229.02,923
AMD Ryzen 5 5600,GeForce RTX 2080 SUPER,MSI B550M PRO-VDH WiFi,G.Skill Ripjaws V 32GB DDR4,Seagate Barracuda 2TB HDD,Corsair CV550,1279.98,923
AMD Ryzen 5 5600,Radeon RX 6700 XT,MSI B550M PRO-VDH WiFi,G.Skill Ripjaws V 32GB DDR4,Crucial P3 Plus 2TB NVMe SSD,Corsair CV550,1215.98,902
AMD Ryzen 5 5600,GeForce RTX 3060 Ti,MSI B550M PRO-VDH WiFi,G.Skill Ripjaws V 32GB DDR4,Crucial P3 Plus 2TB NVMe SSD,Corsair CV550,1285.98,872
AMD Ryzen 5 5600,GeForce RTX 2060 SUPER,MSI B550M PRO-VDH WiFi,G.Skill Ripjaws V 32GB DDR4,Crucial P3 Plus 2TB NVMe SSD,Corsair CV550,1214.88,847
AMD Ryzen 5 5600,GeForce RTX 3070 Ti,MSI B550M PRO-VDH WiFi,G.Skill Ripjaws V 32GB DDR4,Crucial P3 Plus 2TB NVMe SSD,Corsair CV550,1435.98,962
AMD Ryzen 5 5600,GeForce RTX 3070,MSI B550M PRO-VDH WiFi,G.Skill Ripjaws V 32GB DDR4,Crucial P3 Plus 2TB NVMe SSD,Corsair CV550,1405.98,892
AMD Ryzen 5 5600,GeForce GTX 1080 Ti,MSI B550M PRO-VDH WiFi,G.Skill Ripjaws V 32GB DDR4,Crucial P3 Plus 2TB NVMe SSD,Corsair CV550,1290.1399999999999,922
AMD Ryzen 5 5600,GeForce RTX 2070 SUPER,MSI B550M PRO-VDH WiFi,G.Skill Ripjaws V 32GB DDR4,Crucial P3 Plus 2TB NVMe SSD,Corsair CV550,1299.79,887
AMD Ryzen 5 5600,GeForce RTX 2080,MSI B550M PRO-VDH WiFi,G.Skill Ripjaws V 32GB DDR4,Crucial P3 Plus 2TB NVMe SSD,Corsair CV550,1319.02,922
AMD Ryzen 5 5600,GeForce RTX 2080 SUPER,MSI B550M PRO-VDH WiFi,G.Skill Ripjaws V 32GB DDR4,Crucial P3 Plus 2TB NVMe SSD,Corsair CV550,1369.98,922
AMD Ryzen 5 5600G,Radeon RX 6700 XT,MSI B550M PRO-VDH WiFi,Kingston Fury Beast 64GB DDR4,WD Blue 4TB HDD,Corsair CV550,1255.96,909
AMD Ryzen 5 5600G,GeForce RTX 3060 Ti,MSI B550M PRO-VDH WiFi,Kingston Fury Beast 64GB DDR4,WD Blue 4TB HDD,Corsair CV550,1325.96,879
AMD Ryzen 5 5600G,GeForce RTX 2060 SUPER,MSI B550M PRO-VDH WiFi,Kingston Fury Beast 64GB DDR4,WD Blue 4TB HDD,Corsair CV550,1254.86,854
AMD Ryzen 5 5600G,GeForce RTX 3070 Ti,MSI B550M PRO-VDH WiFi,Kingston Fury Beast 64GB DDR4,WD Blue 4TB HDD,Corsair CV550,1475.96,969
AMD Ryzen 5 5600G,GeForce RTX 3070,MSI B550M PRO-VDH WiFi,Kingston Fury Beast 64GB DDR4,WD Blue 4TB HDD,Corsair CV550,1445.96,899
AMD Ryzen 5 5600G,GeForce GTX 1080 Ti,MSI B550M PRO-VDH WiFi,Kingston Fury Beast 64GB DDR4,WD Blue 4TB HDD,Corsair CV550,1330.12,929
AMD Ryzen 5 5600G,GeForce RTX 2070 SUPER,MSI B550M PRO-VDH WiFi,Kingston Fury Beast 64GB DDR4,WD Blue 4TB HDD,Corsair CV550,1339.77,894
AMD Ryzen 5 5600G,GeForce RTX 2080,MSI B550M PRO-VDH WiFi,Kingston Fury Beast 64GB DDR4,WD Blue 4TB HDD,Corsair CV550,1359.0,929
AMD Ryzen 5 5600G,GeForce RTX 2080 SUPER,MSI B550M PRO-VDH WiFi,Kingston Fury Beast 64GB DDR4,WD Blue 4TB HDD,Corsair CV550,1409.96,929
AMD Ryzen 5 5600G,Radeon RX 6700 XT,MSI B550M PRO-VDH WiFi,Kingston Fury Beast 64GB DDR4,Seagate Barracuda 2TB HDD,Corsair CV550,1205.96,908
AMD Ryzen 5 5600G,GeForce RTX 3060 Ti,MSI B550M PRO-VDH WiFi,Kingston Fury Beast 64GB DDR4,Seagate Barracuda 2TB HDD,Corsair CV550,1275.96,878
AMD Ryzen 5 5600G,GeForce RTX 2060 SUPER,MSI B550M PRO-VDH WiFi,Kingston Fury Beast 64GB DDR4,Seagate Barracuda 2TB HDD,Corsair CV550,1204.86,853
AMD Ryzen 5 5600G,GeForce RTX 3070 Ti,MSI B550M PRO-VDH WiFi,Kingston Fury Beast 64GB DDR4,Seagate Barracuda 2TB HDD,Corsair CV550,1425.96,968
AMD Ryzen 5 5600G,GeForce RTX 3070,MSI B550M PRO-VDH WiFi,Kingston Fury Beast 64GB DDR4,Seagate Barracuda 2TB HDD,Corsair CV550,1395.96,898
AMD Ryzen 5 5600G,GeForce GTX 1080 Ti,MSI B550M PRO-VDH WiFi,Kingston Fury Beast 64GB DDR4,Seagate Barracuda 2TB HDD,Corsair CV550,1280.12,928
AMD Ryzen 5 5600G,GeForce RTX 2070 SUPER,MSI B550M PRO-VDH WiFi,Kingston Fury Beast 64GB DDR4,Seagate Barracuda 2TB HDD,Corsair CV550,1289.77,893
AMD Ryzen 5 5600G,GeForce RTX 2080,MSI B550M PRO-VDH WiFi,Kingston Fury Beast 64GB DDR4,Seagate Barracuda 2TB HDD,Corsair CV550,1309.0,928
AMD Ryzen 5 5600G,GeForce RTX 2080 SUPER,MSI B550M PRO-VDH WiFi,Kingston Fury Beast 64GB DDR4,Seagate Barracuda 2TB HDD,Corsair CV550,1359.96,928
AMD Ryzen 5 5600G,Radeon RX 6700 XT,MSI B550M PRO-VDH WiFi,Kingston Fury Beast 64GB DDR4,Crucial P3 Plus 2TB NVMe SSD,Corsair CV550,1295.96,907
AMD Ryzen 5 5600G,GeForce GTX 1080,MSI B550M PRO-VDH WiFi,Kingston Fury Beast 64GB DDR4,Crucial P3 Plus 2TB NVMe SSD,Corsair CV550,1208.76,857
AMD Ryzen 5 5600G,GeForce RTX 3060 Ti,MSI B550M PRO-VDH WiFi,Kingston Fury Beast 64GB DDR4,Crucial P3 Plus 2TB NVMe SSD,Corsair CV550,1365.96,877
AMD Ryzen 5 5600G,GeForce RTX 2060 SUPER,MSI B550M PRO-VDH WiFi,Kingston Fury Beast 64GB DDR4,Crucial P3 Plus 2TB NVMe SSD,Corsair CV550,1294.86,852
AMD Ryzen 5 5600G,GeForce RTX 3070,MSI B550M PRO-VDH WiFi,Kingston Fury Beast 64GB DDR4,Crucial P3 Plus 2TB NVMe SSD,Corsair CV550,1485.96,897
AMD Ryzen 5 5600G,GeForce GTX 1080 Ti,MSI B550M PRO-VDH WiFi,Kingston Fury Beast 64GB DDR4,Crucial P3 Plus 2TB NVMe SSD,Corsair CV550,1370.12,927
AMD Ryzen 5 5600G,GeForce RTX 2070 SUPER,MSI B550M PRO-VDH WiFi,Kingston Fury Beast 64GB DDR4,Crucial P3 Plus 2TB NVMe SSD,Corsair CV550,1379.77,892
AMD Ryzen 5 5600G,GeForce RTX 2080,MSI B550M PRO-VDH WiFi,Kingston Fury Beast 64GB DDR4,Crucial P3 Plus 2TB NVMe SSD,Corsair CV550,1399.0,927
AMD Ryzen 5 5600G,GeForce RTX 2080 SUPER,MSI B550M PRO-VDH WiFi,Kingston Fury Beast 64GB DDR4,Crucial P3 Plus 2TB NVMe SSD,Corsair CV550,1449.96,927
AMD Ryzen 5 5600G,GeForce RTX 3060 Ti,MSI B550M PRO-VDH WiFi,Corsair Vengeance LPX 32GB DDR4,WD Blue 4TB HDD,Corsair CV550,1231.96,874
AMD Ryzen 5 5600G,GeForce RTX 3070 Ti,MSI B550M PRO-VDH WiFi,Corsair Vengeance LPX 32GB DDR4,WD Blue 4TB HDD,Corsair CV550,1381.96,964
AMD Ryzen 5 5600G,GeForce RTX 3070,MSI B550M PRO-VDH WiFi,Corsair Vengeance LPX 32GB DDR4,WD Blue 4TB HDD,Corsair CV550,1351.96,894
AMD Ryzen 5 5600G,GeForce GTX 1080 Ti,MSI B550M PRO-VDH WiFi,Corsair Vengeance LPX 32GB DDR4,WD Blue 4TB HDD,Corsair CV550,1236.12,924
AMD Ryzen 5 5600G,GeForce RTX 2070 SUPER,MSI B550M PRO-VDH WiFi,Corsair Vengeance LPX 32GB DDR4,WD Blue 4TB HDD,Corsair CV550,1245.77,889
AMD Ryzen 5 5600G,GeForce RTX 2080,MSI B550M PRO-VDH WiFi,Corsair Vengeance LPX 32GB DDR4,WD Blue 4TB HDD,Corsair CV550,1265.0,924
AMD Ryzen 5 5600G,GeForce RTX 2080 SUPER,MSI B550M PRO-VDH WiFi,Corsair Vengeance LPX 32GB DDR4,WD Blue 4TB HDD,Corsair CV550,1315.96,924
AMD Ryzen 5 5600G,GeForce RTX 3070 Ti,MSI B550M PRO-VDH WiFi,Corsair Vengeance LPX 32GB DDR4,Seagate Barracuda 2TB HDD,Corsair CV550,1331.96,963
AMD Ryzen 5 5600G,GeForce RTX 3070,MSI B550M PRO-VDH WiFi,Corsair Vengeance LPX 32GB DDR4,Seagate Barracuda 2TB HDD,Corsair CV550,1301.96,893
AMD Ryzen 5 5600G,GeForce RTX 2080,MSI B550M PRO-VDH WiFi,Corsair Vengeance LPX 32GB DDR4,Seagate Barracuda 2TB HDD,Corsair CV550,1215.0,923
AMD Ryzen 5 5600G,GeForce RTX 2080 SUPER,MSI B550M PRO-VDH WiFi,Corsair Vengeance LPX 32GB DDR4,Seagate Barracuda 2TB HDD,Corsair CV550,1265.96,923
AMD Ryzen 5 5600G,Radeon RX 6700 XT,MSI B550M PRO-VDH WiFi,Corsair Vengeance LPX 32GB DDR4,Crucial P3 Plus 2TB NVMe SSD,Corsair CV550,1201.96,902
AMD Ryzen 5 5600G,GeForce RTX 3060 Ti,MSI B550M PRO-VDH WiFi,Corsair Vengeance LPX 32GB DDR4,Crucial P3 Plus 2TB NVMe SSD,Corsair CV550,1271.96,872
AMD Ryzen 5 5600G,GeForce RTX 2060 SUPER,MSI B550M PRO-VDH WiFi,Corsair Vengeance LPX 32GB DDR4,Crucial P3 Plus 2TB NVMe SSD,Corsair CV550,1200.86,847
AMD Ryzen 5 5600G,GeForce RTX 3070 Ti,MSI B550M PRO-VDH WiFi,Corsair Vengeance LPX 32GB DDR4,Crucial P3 Plus 2TB NVMe SSD,Corsair CV550,1421.96,962
AMD Ryzen 5 5600G,GeForce RTX 3070,MSI B550M PRO-VDH WiFi,Corsair Vengeance LPX 32GB DDR4,Crucial P3 Plus 2TB NVMe SSD,Corsair CV550,1391.96,892
AMD Ryzen 5 5600G,GeForce GTX 1080 Ti,MSI B550M PRO-VDH WiFi,Corsair Vengeance LPX 32GB DDR4,Crucial P3 Plus 2TB NVMe SSD,Corsair CV550,1276.12,922
AMD Ryzen 5 5600G,GeForce RTX 2070 SUPER,MSI B550M PRO-VDH WiFi,Corsair Vengeance LPX 32GB DDR4,Crucial P3 Plus 2TB NVMe SSD,Corsair CV550,1285.77,887
AMD Ryzen 5 5600G,GeForce RTX 2080,MSI B550M PRO-VDH WiFi,Corsair Vengeance LPX 32GB DDR4,Crucial P3 Plus 2TB NVMe SSD,Corsair CV550,1305.0,922
AMD Ryzen 5 5600G,GeForce RTX 2080 SUPER,MSI B550M PRO-VDH WiFi,Corsair Vengeance LPX 32GB DDR4,Crucial P3 Plus 2TB NVMe SSD,Corsair CV550,1355.96,922
AMD Ryzen 5 5600G,GeForce RTX 3060 Ti,MSI B550M PRO-VDH WiFi,G.Skill Ripjaws V 32GB DDR4,WD Blue 4TB HDD,Corsair CV550,1235.96,874
AMD Ryzen 5 5600G,GeForce RTX 3070 Ti,MSI B550M PRO-VDH WiFi,G.Skill Ripjaws V 32GB DDR4,WD Blue 4TB HDD,Corsair CV550,1385.96,964
AMD Ryzen 5 5600G,GeForce RTX 3070,MSI B550M PRO-VDH WiFi,G.Skill Ripjaws V 32GB DDR4,WD Blue 4TB HDD,Corsair CV550,1355.96,894
AMD Ryzen 5 5600G,GeForce GTX 1080 Ti,MSI B550M PRO-VDH WiFi,G.Skill Ripjaws V 32GB DDR4,WD Blue 4TB HDD,Corsair CV550,1240.12,924
AMD Ryzen 5 5600G,GeForce RTX 2070 SUPER,MSI B550M PRO-VDH WiFi,G.Skill Ripjaws V 32GB DDR4,WD Blue 4TB HDD,Corsair CV550,1249.77,889
AMD Ryzen 5 5600G,GeForce RTX 2080,MSI B550M PRO-VDH WiFi,G.Skill Ripjaws V 32GB DDR4,WD Blue 4TB HDD,Corsair CV550,1269.0,924
AMD Ryzen 5 5600G,GeForce RTX 2080 SUPER,MSI B550M PRO-VDH WiFi,G.Skill Ripjaws V 32GB DDR4,WD Blue 4TB HDD,Corsair CV550,1319.96,924
AMD Ryzen 5 5600G,GeForce RTX 3070 Ti,MSI B550M PRO-VDH WiFi,G.Skill Ripjaws V 32GB DDR4,Seagate Barracuda 2TB HDD,Corsair CV550,1335.96,963
AMD Ryzen 5 5600G,GeForce RTX 3070,MSI B550M PRO-VDH WiFi,G.Skill Ripjaws V 32GB DDR4,Seagate Barracuda 2TB HDD,Corsair CV550,1305.96,893
AMD Ryzen 5 5600G,GeForce RTX 2080,MSI B550M PRO-VDH WiFi,G.Skill Ripjaws V 32GB DDR4,Seagate Barracuda 2TB HDD,Corsair CV550,1219.0,923
AMD Ryzen 5 5600G,GeForce RTX 2080 SUPER,MSI B550M PRO-VDH WiFi,G.Skill Ripjaws V 32GB DDR4,Seagate Barracuda 2TB HDD,Corsair CV550,1269.96,923
AMD Ryzen 5 5600G,Radeon RX 6700 XT,MSI B550M PRO-VDH WiFi,G.Skill Ripjaws V 32GB DDR4,Crucial P3 Plus 2TB NVMe SSD,Corsair CV550,1205.96,902
AMD Ryzen 5 5600G,GeForce RTX 3060 Ti,MSI B550M PRO-VDH WiFi,G.Skill Ripjaws V 32GB DDR4,Crucial P3 Plus 2TB NVMe SSD,Corsair CV550,1275.96,872
AMD Ryzen 5 5600G,GeForce RTX 2060 SUPER,MSI B550M PRO-VDH WiFi,G.Skill Ripjaws V 32GB DDR4,Crucial P3 Plus 2TB NVMe SSD,Corsair CV550,1204.86,847
AMD Ryzen 5 5600G,GeForce RTX 3070 Ti,MSI B550M PRO-VDH WiFi,G.Skill Ripjaws V 32GB DDR4,Crucial P3 Plus 2TB NVMe SSD,Corsair CV550,1425.96,962
AMD Ryzen 5 5600G,GeForce RTX 3070,MSI B550M PRO-VDH WiFi,G.Skill Ripjaws V 32GB DDR4,Crucial P3 Plus 2TB NVMe SSD,Corsair CV550,1395.96,892
AMD Ryzen 5 5600G,GeForce GTX 1080 Ti,MSI B550M PRO-VDH WiFi,G.Skill Ripjaws V 32GB DDR4,Crucial P3 Plus 2TB NVMe SSD,Corsair CV550,1280.12,922
AMD Ryzen 5 5600G,GeForce RTX 2070 SUPER,MSI B550M PRO-VDH WiFi,G.Skill Ripjaws V 32GB DDR4,Crucial P3 Plus 2TB NVMe SSD,Corsair CV550,1289.77,887
AMD Ryzen 5 5600G,GeForce RTX 2080,MSI B550M PRO-VDH WiFi,G.Skill Ripjaws V 32GB DDR4,Crucial P3 Plus 2TB NVMe SSD,Corsair CV550,1309.0,922
AMD Ryzen 5 5600G,GeForce RTX 2080 SUPER,MSI B550M PRO-VDH WiFi,G.Skill Ripjaws V 32GB DDR4,Crucial P3 Plus 2TB NVMe SSD,Corsair CV550,1359.96,922
AMD Ryzen 5 2600,Radeon RX 6700 XT,MSI B550M PRO-VDH WiFi,Kingston Fury Beast 64GB DDR4,WD Blue 4TB HDD,Corsair CV550,1200.87,909
AMD Ryzen 5 2600,GeForce RTX 3060 Ti,MSI B550M PRO-VDH WiFi,Kingston Fury Beast 64GB DDR4,WD Blue 4TB HDD,Corsair CV550,1270.87,879
AMD Ryzen 5 2600,GeForce RTX 3070 Ti,MSI B550M PRO-VDH WiFi,Kingston Fury Beast 64GB DDR4,WD Blue 4TB HDD,Corsair CV550,1420.87,969
AMD Ryzen 5 2600,GeForce RTX 3070,MSI B550M PRO-VDH WiFi,Kingston Fury Beast 64GB DDR4,WD Blue 4TB HDD,Corsair CV550,1390.87,899
AMD Ryzen 5 2600,GeForce GTX 1080 Ti,MSI B550M PRO-VDH WiFi,Kingston Fury Beast 64GB DDR4,WD Blue 4TB HDD,Corsair CV550,1275.03,929
AMD Ryzen 5 2600,GeForce RTX 2070 SUPER,MSI B550M PRO-VDH WiFi,Kingston Fury Beast 64GB DDR4,WD Blue 4TB HDD,Corsair CV550,1284.6799999999998,894
AMD Ryzen 5 2600,GeForce RTX 2080,MSI B550M PRO-VDH WiFi,Kingston Fury Beast 64GB DDR4,WD Blue 4TB HDD,Corsair CV550,1303.9099999999999,929
AMD Ryzen 5 2600,GeForce RTX 2080 SUPER,MSI B550M PRO-VDH WiFi,Kingston Fury Beast 64GB DDR4,WD Blue 4TB HDD,Corsair CV550,1354.87,929
AMD Ryzen 5 2600,GeForce RTX 3060 Ti,MSI B550M PRO-VDH WiFi,Kingston Fury Beast 64GB DDR4,Seagate Barracuda 2TB HDD,Corsair CV550,1220.87,878
AMD Ryzen 5 2600,GeForce RTX 3070 Ti,MSI B550M PRO-VDH WiFi,Kingston Fury Beast 64GB DDR4,Seagate Barracuda 2TB HDD,Corsair CV550,1370.87,968
AMD Ryzen 5 2600,GeForce RTX 3070,MSI B550M PRO-VDH WiFi,Kingston Fury Beast 64GB DDR4,Seagate Barracuda 2TB HDD,Corsair CV550,1340.87,898
AMD Ryzen 5 2600,GeForce GTX 1080 Ti,MSI B550M PRO-VDH WiFi,Kingston Fury Beast 64GB DDR4,Seagate Barracuda 2TB HDD,Corsair CV550,1225.03,928
AMD Ryzen 5 2600,GeForce RTX 2070 SUPER,MSI B550M PRO-VDH WiFi,Kingston Fury Beast 64GB DDR4,Seagate Barracuda 2TB HDD,Corsair CV550,1234.6799999999998,893
AMD Ryzen 5 2600,GeForce RTX 2080,MSI B550M PRO-VDH WiFi,Kingston Fury Beast 64GB DDR4,Seagate Barracuda 2TB HDD,Corsair CV550,1253.9099999999999,928
AMD Ryzen 5 2600,GeForce RTX 2080 SUPER,MSI B550M PRO-VDH WiFi,Kingston Fury Beast 64GB DDR4,Seagate Barracuda 2TB HDD,Corsair CV550,1304.87,928
AMD Ryzen 5 2600,Radeon RX 6700 XT,MSI B550M PRO-VDH WiFi,Kingston Fury Beast 64GB DDR4,Crucial P3 Plus 2TB NVMe SSD,Corsair CV550,1240.87,907
AMD Ryzen 5 2600,GeForce RTX 3060 Ti,MSI B550M PRO-VDH WiFi,Kingston Fury Beast 64GB DDR4,Crucial P3 Plus 2TB NVMe SSD,Corsair CV550,1310.87,877
AMD Ryzen 5 2600,GeForce RTX 2060 SUPER,MSI B550M PRO-VDH WiFi,Kingston Fury Beast 64GB DDR4,Crucial P3 Plus 2TB NVMe SSD,Corsair CV550,1239.77,852
AMD Ryzen 5 2600,GeForce RTX 3070 Ti,MSI B550M PRO-VDH WiFi,Kingston Fury Beast 64GB DDR4,Crucial P3 Plus 2TB NVMe SSD,Corsair CV550,1460.87,967
AMD Ryzen 5 2600,GeForce RTX 3070,MSI B550M PRO-VDH WiFi,Kingston Fury Beast 64GB DDR4,Crucial P3 Plus 2TB NVMe SSD,Corsair CV550,1430.87,897
AMD Ryzen 5 2600,GeForce GTX 1080 Ti,MSI B550M PRO-VDH WiFi,Kingston Fury Beast 64GB DDR4,Crucial P3 Plus 2TB NVMe SSD,Corsair CV550,1315.03,927
AMD Ryzen 5 2600,GeForce RTX 2070 SUPER,MSI B550M PRO-VDH WiFi,Kingston Fury Beast 64GB DDR4,Crucial P3 Plus 2TB NVMe SSD,Corsair CV550,1324.6799999999998,892
AMD Ryzen 5 2600,GeForce RTX 2080,MSI B550M PRO-VDH WiFi,Kingston Fury Beast 64GB DDR4,Crucial P3 Plus 2TB NVMe SSD,Corsair CV550,1343.9099999999999,927
AMD Ryzen 5 2600,GeForce RTX 2080 SUPER,MSI B550M PRO-VDH WiFi,Kingston Fury Beast 64GB DDR4,Crucial P3 Plus 2TB NVMe SSD,Corsair CV550,1394.87,927
AMD Ryzen 5 2600,GeForce RTX 3070 Ti,MSI B550M PRO-VDH WiFi,Corsair Vengeance LPX 32GB DDR4,WD Blue 4TB HDD,Corsair CV550,1326.87,964
AMD Ryzen 5 2600,GeForce RTX 3070,MSI B550M PRO-VDH WiFi,Corsair Vengeance LPX 32GB DDR4,WD Blue 4TB HDD,Corsair CV550,1296.87,894
AMD Ryzen 5 2600,GeForce RTX 2080,MSI B550M PRO-VDH WiFi,Corsair Vengeance LPX 32GB DDR4,WD Blue 4TB HDD,Corsair CV550,1209.9099999999999,924
AMD Ryzen 5 2600,GeForce RTX 2080 SUPER,MSI B550M PRO-VDH WiFi,Corsair Vengeance LPX 32GB DDR4,WD Blue 4TB HDD,Corsair CV550,1260.87,924
AMD Ryzen 5 2600,GeForce RTX 3070 Ti,MSI B550M PRO-VDH WiFi,Corsair Vengeance LPX 32GB DDR4,Seagate Barracuda 2TB HDD,Corsair CV550,1276.87,963
AMD Ryzen 5 2600,GeForce RTX 3070,MSI B550M PRO-VDH WiFi,Corsair Vengeance LPX 32GB DDR4,Seagate Barracuda 2TB HDD,Corsair CV550,1246.87,893
AMD Ryzen 5 2600,GeForce RTX 2080 SUPER,MSI B550M PRO-VDH WiFi,Corsair Vengeance LPX 32GB DDR4,Seagate Barracuda 2TB HDD,Corsair CV550,1210.87,923
AMD Ryzen 5 2600,GeForce RTX 3060 Ti,MSI B550M PRO-VDH WiFi,Corsair Vengeance LPX 32GB DDR4,Crucial P3 Plus 2TB NVMe SSD,Corsair CV550,1216.87,872
AMD Ryzen 5 2600,GeForce RTX 3070 Ti,MSI B550M PRO-VDH WiFi,Corsair Vengeance LPX 32GB DDR4,Crucial P3 Plus 2TB NVMe SSD,Corsair CV550,1366.87,962
AMD Ryzen 5 2600,GeForce RTX 3070,MSI B550M PRO-VDH WiFi,Corsair Vengeance LPX 32GB DDR4,Crucial P3 Plus 2TB NVMe SSD,Corsair CV550,1336.87,892
AMD Ryzen 5 2600,GeForce GTX 1080 Ti,MSI B550M PRO-VDH WiFi,Corsair Vengeance LPX 32GB DDR4,Crucial P3 Plus 2TB NVMe SSD,Corsair CV550,1221.03,922
AMD Ryzen 5 2600,GeForce RTX 2070 SUPER,MSI B550M PRO-VDH WiFi,Corsair Vengeance LPX 32GB DDR4,Crucial P3 Plus 2TB NVMe SSD,Corsair CV550,1230.6799999999998,887
AMD Ryzen 5 2600,GeForce RTX 2080,MSI B550M PRO-VDH WiFi,Corsair Vengeance LPX 32GB DDR4,Crucial P3 Plus 2TB NVMe SSD,Corsair CV550,1249.9099999999999,922
AMD Ryzen 5 2600,GeForce RTX 2080 SUPER,MSI B550M PRO-VDH WiFi,Corsair Vengeance LPX 32GB DDR4,Crucial P3 Plus 2TB NVMe SSD,Corsair CV550,1300.87,922
AMD Ryzen 5 2600,GeForce RTX 3070 Ti,MSI B550M PRO-VDH WiFi,G.Skill Ripjaws V 32GB DDR4,WD Blue 4TB HDD,Corsair CV550,1330.87,964
AMD Ryzen 5 2600,GeForce RTX 3070,MSI B550M PRO-VDH WiFi,G.Skill Ripjaws V 32GB DDR4,WD Blue 4TB HDD,Corsair CV550,1300.87,894
AMD Ryzen 5 2600,GeForce RTX 2080,MSI B550M PRO-VDH WiFi,G.Skill Ripjaws V 32GB DDR4,WD Blue 4TB HDD,Corsair CV550,1213.9099999999999,924
AMD Ryzen 5 2600,GeForce RTX 2080 SUPER,MSI B550M PRO-VDH WiFi,G.Skill Ripjaws V 32GB DDR4,WD Blue 4TB HDD,Corsair CV550,1264.87,924
AMD Ryzen 5 2600,GeForce RTX 3070 Ti,MSI B550M PRO-VDH WiFi,G.Skill Ripjaws V 32GB DDR4,Seagate Barracuda 2TB HDD,Corsair CV550,1280.87,963
AMD Ryzen 5 2600,GeForce RTX 3070,MSI B550M PRO-VDH WiFi,G.Skill Ripjaws V 32GB DDR4,Seagate Barracuda 2TB HDD,Corsair CV550,1250.87,893
AMD Ryzen 5 2600,GeForce RTX 2080 SUPER,MSI B550M PRO-VDH WiFi,G.Skill Ripjaws V 32GB DDR4,Seagate Barracuda 2TB HDD,Corsair CV550,1214.87,923
AMD Ryzen 5 2600,GeForce RTX 3060 Ti,MSI B550M PRO-VDH WiFi,G.Skill Ripjaws V 32GB DDR4,Crucial P3 Plus 2TB NVMe SSD,Corsair CV550,1220.87,872
AMD Ryzen 5 2600,GeForce RTX 3070 Ti,MSI B550M PRO-VDH WiFi,G.Skill Ripjaws V 32GB DDR4,Crucial P3 Plus 2TB NVMe SSD,Corsair CV550,1370.87,962
AMD Ryzen 5 2600,GeForce RTX 3070,MSI B550M PRO-VDH WiFi,G.Skill Ripjaws V 32GB DDR4,Crucial P3 Plus 2TB NVMe SSD,Corsair CV550,1340.87,892
AMD Ryzen 5 2600,GeForce GTX 1080 Ti,MSI B550M PRO-VDH WiFi,G.Skill Ripjaws V 32GB DDR4,Crucial P3 Plus 2TB NVMe SSD,Corsair CV550,1225.03,922
AMD Ryzen 5 2600,GeForce RTX 2070 SUPER,MSI B550M PRO-VDH WiFi,G.Skill Ripjaws V 32GB DDR4,Crucial P3 Plus 2TB NVMe SSD,Corsair CV550,1234.6799999999998,887
AMD Ryzen 5 2600,GeForce RTX 2080,MSI B550M PRO-VDH WiFi,G.Skill Ripjaws V 32GB DDR4,Crucial P3 Plus 2TB NVMe SSD,Corsair CV550,1253.9099999999999,922
AMD Ryzen 5 2600,GeForce RTX 2080 SUPER,MSI B550M PRO-VDH WiFi,G.Skill Ripjaws V 32GB DDR4,Crucial P3 Plus 2TB NVMe SSD,Corsair CV550,1304.87,922
AMD Ryzen 7 5700G,Radeon RX 6700 XT,MSI B550M PRO-VDH WiFi,Kingston Fury Beast 64GB DDR4,WD Blue 4TB HDD,Corsair CV550,1308.99,909
AMD Ryzen 7 5700G,GeForce GTX 1080,MSI B550M PRO-VDH WiFi,Kingston Fury Beast 64GB DDR4,WD Blue 4TB HDD,Corsair CV550,1221.79,859
AMD Ryzen 7 5700G,GeForce RTX 3060 Ti,MSI B550M PRO-VDH WiFi,Kingston Fury Beast 64GB DDR4,WD Blue 4TB HDD,Corsair CV550,1378.99,879
AMD Ryzen 7 5700G,GeForce RTX 2060 SUPER,MSI B550M PRO-VDH WiFi,Kingston Fury Beast 64GB DDR4,WD Blue 4TB HDD,Corsair CV550,1307.8899999999999,854
AMD Ryzen 7 5700G,GeForce RTX 3070,MSI B550M PRO-VDH WiFi,Kingston Fury Beast 64GB DDR4,WD Blue 4TB HDD,Corsair CV550,1498.99,899
AMD Ryzen 7 5700G,GeForce GTX 1080 Ti,MSI B550M PRO-VDH WiFi,Kingston Fury Beast 64GB DDR4,WD Blue 4TB HDD,Corsair CV550,1383.15,929
AMD Ryzen 7 5700G,GeForce RTX 2070 SUPER,MSI B550M PRO-VDH WiFi,Kingston Fury Beast 64GB DDR4,WD Blue 4TB HDD,Corsair CV550,1392.8,894
AMD Ryzen 7 5700G,GeForce RTX 2080,MSI B550M PRO-VDH WiFi,Kingston Fury Beast 64GB DDR4,WD Blue 4TB HDD,Corsair CV550,1412.03,929
AMD Ryzen 7 5700G,GeForce RTX 2080 SUPER,MSI B550M PRO-VDH WiFi,Kingston Fury Beast 64GB DDR4,WD Blue 4TB HDD,Corsair CV550,1462.99,929
AMD Ryzen 7 5700G,Radeon RX 6700 XT,MSI B550M PRO-VDH WiFi,Kingston Fury Beast 64GB DDR4,Seagate Barracuda 2TB HDD,Corsair CV550,1258.99,908
AMD Ryzen 7 5700G,GeForce RTX 3060 Ti,MSI B550M PRO-VDH WiFi,Kingston Fury Beast 64GB DDR4,Seagate Barracuda 2TB HDD,Corsair CV550,1328.99,878
AMD Ryzen 7 5700G,GeForce RTX 2060 SUPER,MSI B550M PRO-VDH WiFi,Kingston Fury Beast 64GB DDR4,Seagate Barracuda 2TB HDD,Corsair CV550,1257.8899999999999,853
AMD Ryzen 7 5700G,GeForce RTX 3070 Ti,MSI B550M PRO-VDH WiFi,Kingston Fury Beast 64GB DDR4,Seagate Barracuda 2TB HDD,Corsair CV550,1478.99,968
AMD Ryzen 7 5700G,GeForce RTX 3070,MSI B550M PRO-VDH WiFi,Kingston Fury Beast 64GB DDR4,Seagate Barracuda 2TB HDD,Corsair CV550,1448.99,898
AMD Ryzen 7 5700G,GeForce GTX 1080 Ti,MSI B550M PRO-VDH WiFi,Kingston Fury Beast 64GB DDR4,Seagate Barracuda 2TB HDD,Corsair CV550,1333.15,928
AMD Ryzen 7 5700G,GeForce RTX 2070 SUPER,MSI B550M PRO-VDH WiFi,Kingston Fury Beast 64GB DDR4,Seagate Barracuda 2TB HDD,Corsair CV550,1342.8,893
AMD Ryzen 7 5700G,GeForce RTX 2080,MSI B550M PRO-VDH WiFi,Kingston Fury Beast 64GB DDR4,Seagate Barracuda 2TB HDD,Corsair CV550,1362.03,928
AMD Ryzen 7 5700G,GeForce RTX 2080 SUPER,MSI B550M PRO-VDH WiFi,Kingston Fury Beast 64GB DDR4,Seagate Barracuda 2TB HDD,Corsair CV550,1412.99,928
AMD Ryzen 7 5700G,Radeon RX 6600 XT,MSI B550M PRO-VDH WiFi,Kingston Fury Beast 64GB DDR4,Crucial P3 Plus 2TB NVMe SSD,Corsair CV550,1218.99,837
AMD Ryzen 7 5700G,GeForce GTX 1070 Ti,MSI B550M PRO-VDH WiFi,Kingston Fury Beast 64GB DDR4,Crucial P3 Plus 2TB NVMe SSD,Corsair CV550,1208.0,857
AMD Ryzen 7 5700G,Radeon RX 6700 XT,MSI B550M PRO-VDH WiFi,Kingston Fury Beast 64GB DDR4,Crucial P3 Plus 2TB NVMe SSD,Corsair CV550,1348.99,907
AMD Ryzen 7 5700G,GeForce RTX 2060,MSI B550M PRO-VDH WiFi,Kingston Fury Beast 64GB DDR4,Crucial P3 Plus 2TB NVMe SSD,Corsair CV550,1208.99,837
AMD Ryzen 7 5700G,GeForce GTX 1080,MSI B550M PRO-VDH WiFi,Kingston Fury Beast 64GB DDR4,Crucial P3 Plus 2TB NVMe SSD,Corsair CV550,1261.79,857
AMD Ryzen 7 5700G,GeForce RTX 3060 Ti,MSI B550M PRO-VDH WiFi,Kingston Fury Beast 64GB DDR4,Crucial P3 Plus 2TB NVMe SSD,Corsair CV550,1418.99,877
AMD Ryzen 7 5700G,GeForce RTX 2060 SUPER,MSI B550M PRO-VDH WiFi,Kingston Fury Beast 64GB DDR4,Crucial P3 Plus 2TB NVMe SSD,Corsair CV550,1347.8899999999999,852
AMD Ryzen 7 5700G,GeForce GTX 1080 Ti,MSI B550M PRO-VDH WiFi,Kingston Fury Beast 64GB DDR4,Crucial P3 Plus 2TB NVMe SSD,Corsair CV550,1423.15,927
AMD Ryzen 7 5700G,GeForce RTX 2070 SUPER,MSI B550M PRO-VDH WiFi,Kingston Fury Beast 64GB DDR4,Crucial P3 Plus 2TB NVMe SSD,Corsair CV550,1432.8,892
AMD Ryzen 7 5700G,GeForce RTX 2080,MSI B550M PRO-VDH WiFi,Kingston Fury Beast 64GB DDR4,Crucial P3 Plus 2TB NVMe SSD,Corsair CV550,1452.03,927
AMD Ryzen 7 5700G,GeForce GTX 1660,MSI B550M PRO-VDH WiFi,Kingston Fury Beast 64GB DDR4,Crucial P3 Plus 2TB NVMe SSD,Corsair CV550,1218.99,797
AMD Ryzen 7 5700G,Radeon RX 6700 XT,MSI B550M PRO-VDH WiFi,Corsair Vengeance LPX 32GB DDR4,WD Blue 4TB HDD,Corsair CV550,1214.99,904
AMD Ryzen 7 5700G,GeForce RTX 3060 Ti,MSI B550M PRO-VDH WiFi,Corsair Vengeance LPX 32GB DDR4,WD Blue 4TB HDD,Corsair CV550,1284.99,874
AMD Ryzen 7 5700G,GeForce RTX 2060 SUPER,MSI B550M PRO-VDH WiFi,Corsair Vengeance LPX 32GB DDR4,WD Blue 4TB HDD,Corsair CV550,1213.8899999999999,849
AMD Ryzen 7 5700G,GeForce RTX 3070 Ti,MSI B550M PRO-VDH WiFi,Corsair Vengeance LPX 32GB DDR4,WD Blue 4TB HDD,Corsair CV550,1434.99,964
AMD Ryzen 7 5700G,GeForce RTX 3070,MSI B550M PRO-VDH WiFi,Corsair Vengeance LPX 32GB DDR4,WD Blue 4TB HDD,Corsair CV550,1404.99,894
AMD Ryzen 7 5700G,GeForce GTX 1080 Ti,MSI B550M PRO-VDH WiFi,Corsair Vengeance LPX 32GB DDR4,WD Blue 4TB HDD,Corsair CV550,1289.15,924
AMD Ryzen 7 5700G,GeForce RTX 2070 SUPER,MSI B550M PRO-VDH WiFi,Corsair Vengeance LPX 32GB DDR4,WD Blue 4TB HDD,Corsair CV550,1298.8,889
AMD Ryzen 7 5700G,GeForce RTX 2080,MSI B550M PRO-VDH WiFi,Corsair Vengeance LPX 32GB DDR4,WD Blue 4TB HDD,Corsair CV550,1318.03,924
AMD Ryzen 7 5700G,GeForce RTX 2080 SUPER,MSI B550M PRO-VDH WiFi,Corsair Vengeance LPX 32GB DDR4,WD Blue 4TB HDD,Corsair CV550,1368.99,924
AMD Ryzen 7 5700G,GeForce RTX 3060 Ti,MSI B550M PRO-VDH WiFi,Corsair Vengeance LPX 32GB DDR4,Seagate Barracuda 2TB HDD,Corsair CV550,1234.99,873
AMD Ryzen 7 5700G,GeForce RTX 3070 Ti,MSI B550M PRO-VDH WiFi,Corsair Vengeance LPX 32GB DDR4,Seagate Barracuda 2TB HDD,Corsair CV550,1384.99,963
AMD Ryzen 7 5700G,GeForce RTX 3070,MSI B550M PRO-VDH WiFi,Corsair Vengeance LPX 32GB DDR4,Seagate Barracuda 2TB HDD,Corsair CV550,1354.99,893
AMD Ryzen 7 5700G,GeForce GTX 1080 Ti,MSI B550M PRO-VDH WiFi,Corsair Vengeance LPX 32GB DDR4,Seagate Barracuda 2TB HDD,Corsair CV550,1239.15,923
AMD Ryzen 7 5700G,GeForce RTX 2070 SUPER,MSI B550M PRO-VDH WiFi,Corsair Vengeance LPX 32GB DDR4,Seagate Barracuda 2TB HDD,Corsair CV550,1248.8,888
AMD Ryzen 7 5700G,GeForce RTX 2080,MSI B550M PRO-VDH WiFi,Corsair Vengeance LPX 32GB DDR4,Seagate Barracuda 2TB HDD,Corsair CV550,1268.03,923
AMD Ryzen 7 5700G,GeForce RTX 2080 SUPER,MSI B550M PRO-VDH WiFi,Corsair Vengeance LPX 32GB DDR4,Seagate Barracuda 2TB HDD,Corsair CV550,1318.99,923
AMD Ryzen 7 5700G,Radeon RX 6700 XT,MSI B550M PRO-VDH WiFi,Corsair Vengeance LPX 32GB DDR4,Crucial P3 Plus 2TB NVMe SSD,Corsair CV550,1254.99,902
AMD Ryzen 7 5700G,GeForce RTX 3060 Ti,MSI B550M PRO-VDH WiFi,Corsair Vengeance LPX 32GB DDR4,Crucial P3 Plus 2TB NVMe SSD,Corsair CV550,1324.99,872
AMD Ryzen 7 5700G,GeForce RTX 2060 SUPER,MSI B550M PRO-VDH WiFi,Corsair Vengeance LPX 32GB DDR4,Crucial P3 Plus 2TB NVMe SSD,Corsair CV550,1253.8899999999999,847
AMD Ryzen 7 5700G,GeForce RTX 3070 Ti,MSI B550M PRO-VDH WiFi,Corsair Vengeance LPX 32GB DDR4,Crucial P3 Plus 2TB NVMe SSD,Corsair CV550,1474.99,962
AMD Ryzen 7 5700G,GeForce RTX 3070,MSI B550M PRO-VDH WiFi,Corsair Vengeance LPX 32GB DDR4,Crucial P3 Plus 2TB NVMe SSD,Corsair CV550,1444.99,892
AMD Ryzen 7 5700G,GeForce GTX 1080 Ti,MSI B550M PRO-VDH WiFi,Corsair Vengeance LPX 32GB DDR4,Crucial P3 Plus 2TB NVMe SSD,Corsair CV550,1329.15,922
AMD Ryzen 7 5700G,GeForce RTX 2070 SUPER,MSI B550M PRO-VDH WiFi,Corsair Vengeance LPX 32GB DDR4,Crucial P3 Plus 2TB NVMe SSD,Corsair CV550,1338.8,887
AMD Ryzen 7 5700G,GeForce RTX 2080,MSI B550M PRO-VDH WiFi,Corsair Vengeance LPX 32GB DDR4,Crucial P3 Plus 2TB NVMe SSD,Corsair CV550,1358.03,922
AMD Ryzen 7 5700G,GeForce RTX 2080 SUPER,MSI B550M PRO-VDH WiFi,Corsair Vengeance LPX 32GB DDR4,Crucial P3 Plus 2TB NVMe SSD,Corsair CV550,1408.99,922
AMD Ryzen 7 5700G,Radeon RX 6700 XT,MSI B550M PRO-VDH WiFi,G.Skill Ripjaws V 32GB DDR4,WD Blue 4TB HDD,Corsair CV550,1218.99,904
AMD Ryzen 7 5700G,GeForce RTX 3060 Ti,MSI B550M PRO-VDH WiFi,G.Skill Ripjaws V 32GB DDR4,WD Blue 4TB HDD,Corsair CV550,1288.99,874
AMD Ryzen 7 5700G,GeForce RTX 2060 SUPER,MSI B550M PRO-VDH WiFi,G.Skill Ripjaws V 32GB DDR4,WD Blue 4TB HDD,Corsair CV550,1217.8899999999999,849
AMD Ryzen 7 5700G,GeForce RTX 3070 Ti,MSI B550M PRO-VDH WiFi,G.Skill Ripjaws V 32GB DDR4,WD Blue 4TB HDD,Corsair CV550,1438.99,964
AMD Ryzen 7 5700G,GeForce RTX 3070,MSI B550M PRO-VDH WiFi,G.Skill Ripjaws V 32GB DDR4,WD Blue 4TB HDD,Corsair CV550,1408.99,894
AMD Ryzen 7 5700G,GeForce GTX 1080 Ti,MSI B550M PRO-VDH WiFi,G.Skill Ripjaws V 32GB DDR4,WD Blue 4TB HDD,Corsair CV550,1293.15,924
AMD Ryzen 7 5700G,GeForce RTX 2070 SUPER,MSI B550M PRO-VDH WiFi,G.Skill Ripjaws V 32GB DDR4,WD Blue 4TB HDD,Corsair CV550,1302.8,889
AMD Ryzen 7 5700G,GeForce RTX 2080,MSI B550M PRO-VDH WiFi,G.Skill Ripjaws V 32GB DDR4,WD Blue 4TB HDD,Corsair CV550,1322.03,924
AMD Ryzen 7 5700G,GeForce RTX 2080 SUPER,MSI B550M PRO-VDH WiFi,G.Skill Ripjaws V 32GB DDR4,WD Blue 4TB HDD,Corsair CV550,1372.99,924
AMD Ryzen 7 5700G,GeForce RTX 3060 Ti,MSI B550M PRO-VDH WiFi,G.Skill Ripjaws V 32GB DDR4,Seagate Barracuda 2TB HDD,Corsair CV550,1238.99,873
AMD Ryzen 7 5700G,GeForce RTX 3070 Ti,MSI B550M PRO-VDH WiFi,G.Skill Ripjaws V 32GB DDR4,Seagate Barracuda 2TB HDD,Corsair CV550,1388.99,963
AMD Ryzen 7 5700G,GeForce RTX 3070,MSI B550M PRO-VDH WiFi,G.Skill Ripjaws V 32GB DDR4,Seagate Barracuda 2TB HDD,Corsair CV550,1358.99,893
AMD Ryzen 7 5700G,GeForce GTX 1080 Ti,MSI B550M PRO-VDH WiFi,G.Skill Ripjaws V 32GB DDR4,Seagate Barracuda 2TB HDD,Corsair CV550,1243.15,923
AMD Ryzen 7 5700G,GeForce RTX 2070 SUPER,MSI B550M PRO-VDH WiFi,G.Skill Ripjaws V 32GB DDR4,Seagate Barracuda 2TB HDD,Corsair CV550,1252.8,888
AMD Ryzen 7 5700G,GeForce RTX 2080,MSI B550M PRO-VDH WiFi,G.Skill Ripjaws V 32GB DDR4,Seagate Barracuda 2TB HDD,Corsair CV550,1272.03,923
AMD Ryzen 7 5700G,GeForce RTX 2080 SUPER,MSI B550M PRO-VDH WiFi,G.Skill Ripjaws V 32GB DDR4,Seagate Barracuda 2TB HDD,Corsair CV550,1322.99,923
AMD Ryzen 7 5700G,Radeon RX 6700 XT,MSI B550M PRO-VDH WiFi,G.Skill Ripjaws V 32GB DDR4,Crucial P3 Plus 2TB NVMe SSD,Corsair CV550,1258.99,902
AMD Ryzen 7 5700G,GeForce RTX 3060 Ti,MSI B550M PRO-VDH WiFi,G.Skill Ripjaws V 32GB DDR4,Crucial P3 Plus 2TB NVMe SSD,Corsair CV550,1328.99,872
AMD Ryzen 7 5700G,GeForce RTX 2060 SUPER,MSI B550M PRO-VDH WiFi,G.Skill Ripjaws V 32GB DDR4,Crucial P3 Plus 2TB NVMe SSD,Corsair CV550,1257.8899999999999,847
AMD Ryzen 7 5700G,GeForce RTX 3070 Ti,MSI B550M PRO-VDH WiFi,G.Skill Ripjaws V 32GB DDR4,Crucial P3 Plus 2TB NVMe SSD,Corsair CV550,1478.99,962
AMD Ryzen 7 5700G,GeForce RTX 3070,MSI B550M PRO-VDH WiFi,G.Skill Ripjaws V 32GB DDR4,Crucial P3 Plus 2TB NVMe SSD,Corsair CV550,1448.99,892
AMD Ryzen 7 5700G,GeForce GTX 1080 Ti,MSI B550M PRO-VDH WiFi,G.Skill Ripjaws V 32GB DDR4,Crucial P3 Plus 2TB NVMe SSD,Corsair CV550,1333.15,922
AMD Ryzen 7 5700G,GeForce RTX 2070 SUPER,MSI B550M PRO-VDH WiFi,G.Skill Ripjaws V 32GB DDR4,Crucial P3 Plus 2TB NVMe SSD,Corsair CV550,1342.8,887
AMD Ryzen 7 5700G,GeForce RTX 2080,MSI B550M PRO-VDH WiFi,G.Skill Ripjaws V 32GB DDR4,Crucial P3 Plus 2TB NVMe SSD,Corsair CV550,1362.03,922
AMD Ryzen 7 5700G,GeForce RTX 2080 SUPER,MSI B550M PRO-VDH WiFi,G.Skill Ripjaws V 32GB DDR4,Crucial P3 Plus 2TB NVMe SSD,Corsair CV550,1412.99,922
AMD Ryzen 5 5600X,Radeon RX 6700 XT,MSI B550M PRO-VDH WiFi,Kingston Fury Beast 64GB DDR4,WD Blue 4TB HDD,Corsair CV550,1292.98,909
AMD Ryzen 5 5600X,GeForce GTX 1080,MSI B550M PRO-VDH WiFi,Kingston Fury Beast 64GB DDR4,WD Blue 4TB HDD,Corsair CV550,1205.78,859
AMD Ryzen 5 5600X,GeForce RTX 3060 Ti,MSI B550M PRO-VDH WiFi,Kingston Fury Beast 64GB DDR4,WD Blue 4TB HDD,Corsair CV550,1362.98,879
AMD Ryzen 5 5600X,GeForce RTX 2060 SUPER,MSI B550M PRO-VDH WiFi,Kingston Fury Beast 64GB DDR4,WD Blue 4TB HDD,Corsair CV550,1291.88,854
AMD Ryzen 5 5600X,GeForce RTX 3070,MSI B550M PRO-VDH WiFi,Kingston Fury Beast 64GB DDR4,WD Blue 4TB HDD,Corsair CV550,1482.98,899
AMD Ryzen 5 5600X,GeForce GTX 1080 Ti,MSI B550M PRO-VDH WiFi,Kingston Fury Beast 64GB DDR4,WD Blue 4TB HDD,Corsair CV550,1367.1399999999999,929
AMD Ryzen 5 5600X,GeForce RTX 2070 SUPER,MSI B550M PRO-VDH WiFi,Kingston Fury Beast 64GB DDR4,WD Blue 4TB HDD,Corsair CV550,1376.79,894
AMD Ryzen 5 5600X,GeForce RTX 2080,MSI B550M PRO-VDH WiFi,Kingston Fury Beast 64GB DDR4,WD Blue 4TB HDD,Corsair CV550,1396.02,929
AMD Ryzen 5 5600X,GeForce RTX 2080 SUPER,MSI B550M PRO-VDH WiFi,Kingston Fury Beast 64GB DDR4,WD Blue 4TB HDD,Corsair CV550,1446.98,929
AMD Ryzen 5 5600X,Radeon RX 6700 XT,MSI B550M PRO-VDH WiFi,Kingston Fury Beast 64GB DDR4,Seagate Barracuda 2TB HDD,Corsair CV550,1242.98,908
AMD Ryzen 5 5600X,GeForce RTX 3060 Ti,MSI B550M PRO-VDH WiFi,Kingston Fury Beast 64GB DDR4,Seagate Barracuda 2TB HDD,Corsair CV550,1312.98,878
AMD Ryzen 5 5600X,GeForce RTX 2060 SUPER,MSI B550M PRO-VDH WiFi,Kingston Fury Beast 64GB DDR4,Seagate Barracuda 2TB HDD,Corsair CV550,1241.88,853
AMD Ryzen 5 5600X,GeForce RTX 3070 Ti,MSI B550M PRO-VDH WiFi,Kingston Fury Beast 64GB DDR4,Seagate Barracuda 2TB HDD,Corsair CV550,1462.98,968
AMD Ryzen 5 5600X,GeForce RTX 3070,MSI B550M PRO-VDH WiFi,Kingston Fury Beast 64GB DDR4,Seagate Barracuda 2TB HDD,Corsair CV550,1432.98,898
AMD Ryzen 5 5600X,GeForce GTX 1080 Ti,MSI B550M PRO-VDH WiFi,Kingston Fury Beast 64GB DDR4,Seagate Barracuda 2TB HDD,Corsair CV550,1317.1399999999999,928
AMD Ryzen 5 5600X,GeForce RTX 2070 SUPER,MSI B550M PRO-VDH WiFi,Kingston Fury Beast 64GB DDR4,Seagate Barracuda 2TB HDD,Corsair CV550,1326.79,893
AMD Ryzen 5 5600X,GeForce RTX 2080,MSI B550M PRO-VDH WiFi,Kingston Fury Beast 64GB DDR4,Seagate Barracuda 2TB HDD,Corsair CV550,1346.02,928
AMD Ryzen 5 5600X,GeForce RTX 2080 SUPER,MSI B550M PRO-VDH WiFi,Kingston Fury Beast 64GB DDR4,Seagate Barracuda 2TB HDD,Corsair CV550,1396.98,928
AMD Ryzen 5 5600X,Radeon RX 6600 XT,MSI B550M PRO-VDH WiFi,Kingston Fury Beast 64GB DDR4,Crucial P3 Plus 2TB NVMe SSD,Corsair CV550,1202.98,837
AMD Ryzen 5 5600X,Radeon RX 6700 XT,MSI B550M PRO-VDH WiFi,Kingston Fury Beast 64GB DDR4,Crucial P3 Plus 2TB NVMe SSD,Corsair CV550,1332.98,907
AMD Ryzen 5 5600X,GeForce GTX 1080,MSI B550M PRO-VDH WiFi,Kingston Fury Beast 64GB DDR4,Crucial P3 Plus 2TB NVMe SSD,Corsair CV550,1245.78,857
AMD Ryzen 5 5600X,GeForce RTX 3060 Ti,MSI B550M PRO-VDH WiFi,Kingston Fury Beast 64GB DDR4,Crucial P3 Plus 2TB NVMe SSD,Corsair CV550,1402.98,877
AMD Ryzen 5 5600X,GeForce RTX 2060 SUPER,MSI B550M PRO-VDH WiFi,Kingston Fury Beast 64GB DDR4,Crucial P3 Plus 2TB NVMe SSD,Corsair CV550,1331.88,852
AMD Ryzen 5 5600X,GeForce GTX 1080 Ti,MSI B550M PRO-VDH WiFi,Kingston Fury Beast 64GB DDR4,Crucial P3 Plus 2TB NVMe SSD,Corsair CV550,1407.1399999999999,927
AMD Ryzen 5 5600X,GeForce RTX 2070 SUPER,MSI B550M PRO-VDH WiFi,Kingston Fury Beast 64GB DDR4,Crucial P3 Plus 2TB NVMe SSD,Corsair CV550,1416.79,892
AMD Ryzen 5 5600X,GeForce RTX 2080,MSI B550M PRO-VDH WiFi,Kingston Fury Beast 64GB DDR4,Crucial P3 Plus 2TB NVMe SSD,Corsair CV550,1436.02,927
AMD Ryzen 5 5600X,GeForce GTX 1660,MSI B550M PRO-VDH WiFi,Kingston Fury Beast 64GB DDR4,Crucial P3 Plus 2TB NVMe SSD,Corsair CV550,1202.98,797
AMD Ryzen 5 5600X,GeForce RTX 2080 SUPER,MSI B550M PRO-VDH WiFi,Kingston Fury Beast 64GB DDR4,Crucial P3 Plus 2TB NVMe SSD,Corsair CV550,1486.98,927
AMD Ryzen 5 5600X,GeForce RTX 3060 Ti,MSI B550M PRO-VDH WiFi,Corsair Vengeance LPX 32GB DDR4,WD Blue 4TB HDD,Corsair CV550,1268.98,874
AMD Ryzen 5 5600X,GeForce RTX 3070 Ti,MSI B550M PRO-VDH WiFi,Corsair Vengeance LPX 32GB DDR4,WD Blue 4TB HDD,Corsair CV550,1418.98,964
AMD Ryzen 5 5600X,GeForce RTX 3070,MSI B550M PRO-VDH WiFi,Corsair Vengeance LPX 32GB DDR4,WD Blue 4TB HDD,Corsair CV550,1388.98,894
AMD Ryzen 5 5600X,GeForce GTX 1080 Ti,MSI B550M PRO-VDH WiFi,Corsair Vengeance LPX 32GB DDR4,WD Blue 4TB HDD,Corsair CV550,1273.1399999999999,924
AMD Ryzen 5 5600X,GeForce RTX 2070 SUPER,MSI B550M PRO-VDH WiFi,Corsair Vengeance LPX 32GB DDR4,WD Blue 4TB HDD,Corsair CV550,1282.79,889
AMD Ryzen 5 5600X,GeForce RTX 2080,MSI B550M PRO-VDH WiFi,Corsair Vengeance LPX 32GB DDR4,WD Blue 4TB HDD,Corsair CV550,1302.02,924
AMD Ryzen 5 5600X,GeForce RTX 2080 SUPER,MSI B550M PRO-VDH WiFi,Corsair Vengeance LPX 32GB DDR4,WD Blue 4TB HDD,Corsair CV550,1352.98,924
AMD Ryzen 5 5600X,GeForce RTX 3060 Ti,MSI B550M PRO-VDH WiFi,Corsair Vengeance LPX 32GB DDR4,Seagate Barracuda 2TB HDD,Corsair CV550,1218.98,873
AMD Ryzen 5 5600X,GeForce RTX 3070 Ti,MSI B550M PRO-VDH WiFi,Corsair Vengeance LPX 32GB DDR4,Seagate Barracuda 2TB HDD,Corsair CV550,1368.98,963
AMD Ryzen 5 5600X,GeForce RTX 3070,MSI B550M PRO-VDH WiFi,Corsair Vengeance LPX 32GB DDR4,Seagate Barracuda 2TB HDD,Corsair CV550,1338.98,893
AMD Ryzen 5 5600X,GeForce GTX 1080 Ti,MSI B550M PRO-VDH WiFi,Corsair Vengeance LPX 32GB DDR4,Seagate Barracuda 2TB HDD,Corsair CV550,1223.1399999999999,923
AMD Ryzen 5 5600X,GeForce RTX 2070 SUPER,MSI B550M PRO-VDH WiFi,Corsair Vengeance LPX 32GB DDR4,Seagate Barracuda 2TB HDD,Corsair CV550,1232.79,888
AMD Ryzen 5 5600X,GeForce RTX 2080,MSI B550M PRO-VDH WiFi,Corsair Vengeance LPX 32GB DDR4,Seagate Barracuda 2TB HDD,Corsair CV550,1252.02,923
AMD Ryzen 5 5600X,GeForce RTX 2080 SUPER,MSI B550M PRO-VDH WiFi,Corsair Vengeance LPX 32GB DDR4,Seagate Barracuda 2TB HDD,Corsair CV550,1302.98,923
AMD Ryzen 5 5600X,Radeon RX 6700 XT,MSI B550M PRO-VDH WiFi,Corsair Vengeance LPX 32GB DDR4,Crucial P3 Plus 2TB NVMe SSD,Corsair CV550,1238.98,902
AMD Ryzen 5 5600X,GeForce RTX 3060 Ti,MSI B550M PRO-VDH WiFi,Corsair Vengeance LPX 32GB DDR4,Crucial P3 Plus 2TB NVMe SSD,Corsair CV550,1308.98,872
AMD Ryzen 5 5600X,GeForce RTX 2060 SUPER,MSI B550M PRO-VDH WiFi,Corsair Vengeance LPX 32GB DDR4,Crucial P3 Plus 2TB NVMe SSD,Corsair CV550,1237.88,847
AMD Ryzen 5 5600X,GeForce RTX 3070 Ti,MSI B550M PRO-VDH WiFi,Corsair Vengeance LPX 32GB DDR4,Crucial P3 Plus 2TB NVMe SSD,Corsair CV550,1458.98,962
AMD Ryzen 5 5600X,GeForce RTX 3070,MSI B550M PRO-VDH WiFi,Corsair Vengeance LPX 32GB DDR4,Crucial P3 Plus 2TB NVMe SSD,Corsair CV550,1428.98,892
AMD Ryzen 5 5600X,GeForce GTX 1080 Ti,MSI B550M PRO-VDH WiFi,Corsair Vengeance LPX 32GB DDR4,Crucial P3 Plus 2TB NVMe SSD,Corsair CV550,1313.1399999999999,922
AMD Ryzen 5 5600X,GeForce RTX 2070 SUPER,MSI B550M PRO-VDH WiFi,Corsair Vengeance LPX 32GB DDR4,Crucial P3 Plus 2TB NVMe SSD,Corsair CV550,1322.79,887
AMD Ryzen 5 5600X,GeForce RTX 2080,MSI B550M PRO-VDH WiFi,Corsair Vengeance LPX 32GB DDR4,Crucial P3 Plus 2TB NVMe SSD,Corsair CV550,1342.02,922
AMD Ryzen 5 5600X,GeForce RTX 2080 SUPER,MSI B550M PRO-VDH WiFi,Corsair Vengeance LPX 32GB DDR4,Crucial P3 Plus 2TB NVMe SSD,Corsair CV550,1392.98,922
AMD Ryzen 5 5600X,Radeon RX 6700 XT,MSI B550M PRO-VDH WiFi,G.Skill Ripjaws V 32GB DDR4,WD Blue 4TB HDD,Corsair CV550,1202.98,904
AMD Ryzen 5 5600X,GeForce RTX 3060 Ti,MSI B550M PRO-VDH WiFi,G.Skill Ripjaws V 32GB DDR4,WD Blue 4TB HDD,Corsair CV550,1272.98,874
AMD Ryzen 5 5600X,GeForce RTX 2060 SUPER,MSI B550M PRO-VDH WiFi,G.Skill Ripjaws V 32GB DDR4,WD Blue 4TB HDD,Corsair CV550,1201.88,849
AMD Ryzen 5 5600X,GeForce RTX 3070 Ti,MSI B550M PRO-VDH WiFi,G.Skill Ripjaws V 32GB DDR4,WD Blue 4TB HDD,Corsair CV550,1422.98,964
AMD Ryzen 5 5600X,GeForce RTX 3070,MSI B550M PRO-VDH WiFi,G.Skill Ripjaws V 32GB DDR4,WD Blue 4TB HDD,Corsair CV550,1392.98,894
AMD Ryzen 5 5600X,GeForce GTX 1080 Ti,MSI B550M PRO-VDH WiFi,G.Skill Ripjaws V 32GB DDR4,WD Blue 4TB HDD,Corsair CV550,1277.1399999999999,924
AMD Ryzen 5 5600X,GeForce RTX 2070 SUPER,MSI B550M PRO-VDH WiFi,G.Skill Ripjaws V 32GB DDR4,WD Blue 4TB HDD,Corsair CV550,1286.79,889
AMD Ryzen 5 5600X,GeForce RTX 2080,MSI B550M PRO-VDH WiFi,G.Skill Ripjaws V 32GB DDR4,WD Blue 4TB HDD,Corsair CV550,1306.02,924
AMD Ryzen 5 5600X,GeForce RTX 2080 SUPER,MSI B550M PRO-VDH WiFi,G.Skill Ripjaws V 32GB DDR4,WD Blue 4TB HDD,Corsair CV550,1356.98,924
AMD Ryzen 5 5600X,GeForce RTX 3060 Ti,MSI B550M PRO-VDH WiFi,G.Skill Ripjaws V 32GB DDR4,Seagate Barracuda 2TB HDD,Corsair CV550,1222.98,873
AMD Ryzen 5 5600X,GeForce RTX 3070 Ti,MSI B550M PRO-VDH WiFi,G.Skill Ripjaws V 32GB DDR4,Seagate Barracuda 2TB HDD,Corsair CV550,1372.98,963
AMD Ryzen 5 5600X,GeForce RTX 3070,MSI B550M PRO-VDH WiFi,G.Skill Ripjaws V 32GB DDR4,Seagate Barracuda 2TB HDD,Corsair CV550,1342.98,893
AMD Ryzen 5 5600X,GeForce GTX 1080 Ti,MSI B550M PRO-VDH WiFi,G.Skill Ripjaws V 32GB DDR4,Seagate Barracuda 2TB HDD,Corsair CV550,1227.1399999999999,923
AMD Ryzen 5 5600X,GeForce RTX 2070 SUPER,MSI B550M PRO-VDH WiFi,G.Skill Ripjaws V 32GB DDR4,Seagate Barracuda 2TB HDD,Corsair CV550,1236.79,888
AMD Ryzen 5 5600X,GeForce RTX 2080,MSI B550M PRO-VDH WiFi,G.Skill Ripjaws V 32GB DDR4,Seagate Barracuda 2TB HDD,Corsair CV550,1256.02,923
AMD Ryzen 5 5600X,GeForce RTX 2080 SUPER,MSI B550M PRO-VDH WiFi,G.Skill Ripjaws V 32GB DDR4,Seagate Barracuda 2TB HDD,Corsair CV550,1306.98,923
AMD Ryzen 5 5600X,Radeon RX 6700 XT,MSI B550M PRO-VDH WiFi,G.Skill Ripjaws V 32GB DDR4,Crucial P3 Plus 2TB NVMe SSD,Corsair CV550,1242.98,902
AMD Ryzen 5 5600X,GeForce RTX 3060 Ti,MSI B550M PRO-VDH WiFi,G.Skill Ripjaws V 32GB DDR4,Crucial P3 Plus 2TB NVMe SSD,Corsair CV550,1312.98,872
AMD Ryzen 5 5600X,GeForce RTX 2060 SUPER,MSI B550M PRO-VDH WiFi,G.Skill Ripjaws V 32GB DDR4,Crucial P3 Plus 2TB NVMe SSD,Corsair CV550,1241.88,847
AMD Ryzen 5 5600X,GeForce RTX 3070 Ti,MSI B550M PRO-VDH WiFi,G.Skill Ripjaws V 32GB DDR4,Crucial P3 Plus 2TB NVMe SSD,Corsair CV550,1462.98,962
AMD Ryzen 5 5600X,GeForce RTX 3070,MSI B550M PRO-VDH WiFi,G.Skill Ripjaws V 32GB DDR4,Crucial P3 Plus 2TB NVMe SSD,Corsair CV550,1432.98,892
AMD Ryzen 5 5600X,GeForce GTX 1080 Ti,MSI B550M PRO-VDH WiFi,G.Skill Ripjaws V 32GB DDR4,Crucial P3 Plus 2TB NVMe SSD,Corsair CV550,1317.1399999999999,922
AMD Ryzen 5 5600X,GeForce RTX 2070 SUPER,MSI B550M PRO-VDH WiFi,G.Skill Ripjaws V 32GB DDR4,Crucial P3 Plus 2TB NVMe SSD,Corsair CV550,1326.79,887
AMD Ryzen 5 5600X,GeForce RTX 2080,MSI B550M PRO-VDH WiFi,G.Skill Ripjaws V 32GB DDR4,Crucial P3 Plus 2TB NVMe SSD,Corsair CV550,1346.02,922
AMD Ryzen 5 5600X,GeForce RTX 2080 SUPER,MSI B550M PRO-VDH WiFi,G.Skill Ripjaws V 32GB DDR4,Crucial P3 Plus 2TB NVMe SSD,Corsair CV550,1396.98,922
AMD Ryzen 9 5900X,GeForce RTX 3060,MSI B550M PRO-VDH WiFi,Kingston Fury Beast 64GB DDR4,WD Blue 4TB HDD,Corsair CV550,1268.03,889
AMD Ryzen 9 5900X,Radeon RX 6600 XT,MSI B550M PRO-VDH WiFi,Kingston Fury Beast 64GB DDR4,WD Blue 4TB HDD,Corsair CV550,1339.02,879
AMD Ryzen 9 5900X,GeForce GTX 1070,MSI B550M PRO-VDH WiFi,Kingston Fury Beast 64GB DDR4,WD Blue 4TB HDD,Corsair CV550,1281.58,869
AMD Ryzen 9 5900X,GeForce GTX 1660 SUPER,MSI B550M PRO-VDH WiFi,Kingston Fury Beast 64GB DDR4,WD Blue 4TB HDD,Corsair CV550,1269.02,844
AMD Ryzen 9 5900X,GeForce GTX 1070 Ti,MSI B550M PRO-VDH WiFi,Kingston Fury Beast 64GB DDR4,WD Blue 4TB HDD,Corsair CV550,1328.03,899
AMD Ryzen 9 5900X,GeForce GTX 1060,MSI B550M PRO-VDH WiFi,Kingston Fury Beast 64GB DDR4,WD Blue 4TB HDD,Corsair CV550,1219.02,839
AMD Ryzen 9 5900X,Radeon RX 6700 XT,MSI B550M PRO-VDH WiFi,Kingston Fury Beast 64GB DDR4,WD Blue 4TB HDD,Corsair CV550,1469.02,949
AMD Ryzen 9 5900X,GeForce RTX 2060,MSI B550M PRO-VDH WiFi,Kingston Fury Beast 64GB DDR4,WD Blue 4TB HDD,Corsair CV550,1329.02,879
AMD Ryzen 9 5900X,GeForce GTX 1080,MSI B550M PRO-VDH WiFi,Kingston Fury Beast 64GB DDR4,WD Blue 4TB HDD,Corsair CV550,1381.82,899
AMD Ryzen 9 5900X,GeForce GTX 1660 Ti,MSI B550M PRO-VDH WiFi,Kingston Fury Beast 64GB DDR4,WD Blue 4TB HDD,Corsair CV550,1289.02,839
AMD Ryzen 9 5900X,GeForce GTX 1060 3GB,MSI B550M PRO-VDH WiFi,Kingston Fury Beast 64GB DDR4,WD Blue 4TB HDD,Corsair CV550,1244.03,839
AMD Ryzen 9 5900X,GeForce RTX 2060 SUPER,MSI B550M PRO-VDH WiFi,Kingston Fury Beast 64GB DDR4,WD Blue 4TB HDD,Corsair CV550,1467.92,894
AMD Ryzen 9 5900X,GeForce GTX 1660,MSI B550M PRO-VDH WiFi,Kingston Fury Beast 64GB DDR4,WD Blue 4TB HDD,Corsair CV550,1339.02,839
AMD Ryzen 9 5900X,GeForce GTX 780,MSI B550M PRO-VDH WiFi,Kingston Fury Beast 64GB DDR4,WD Blue 4TB HDD,Corsair CV550,1219.02,969
AMD Ryzen 9 5900X,GeForce GTX 780 Ti,MSI B550M PRO-VDH WiFi,Kingston Fury Beast 64GB DDR4,WD Blue 4TB HDD,Corsair CV550,1279.02,969
AMD Ryzen 9 5900X,Radeon R9 290X / 390X,MSI B550M PRO-VDH WiFi,Kingston Fury Beast 64GB DDR4,WD Blue 4TB HDD,MSI MAG A650BN,1279.02,1109
AMD Ryzen 9 5900X,GeForce RTX 3060,MSI B550M PRO-VDH WiFi,Kingston Fury Beast 64GB DDR4,Seagate Barracuda 2TB HDD,Corsair CV550,1218.03,888
AMD Ryzen 9 5900X,Radeon RX 6600 XT,MSI B550M PRO-VDH WiFi,Kingston Fury Beast 64GB DDR4,Seagate Barracuda 2TB HDD,Corsair CV550,1289.02,878
AMD Ryzen 9 5900X,GeForce GTX 1070,MSI B550M PRO-VDH WiFi,Kingston Fury Beast 64GB DDR4,Seagate Barracuda 2TB HDD,Corsair CV550,1231.58,868
AMD Ryzen 9 5900X,GeForce GTX 1660 SUPER,MSI B550M PRO-VDH WiFi,Kingston Fury Beast 64GB DDR4,Seagate Barracuda 2TB HDD,Corsair CV550,1219.02,843
AMD Ryzen 9 5900X,GeForce GTX 1070 Ti,MSI B550M PRO-VDH WiFi,Kingston Fury Beast 64GB DDR4,Seagate Barracuda 2TB HDD,Corsair CV550,1278.03,898
AMD Ryzen 9 5900X,Radeon RX 6700 XT,MSI B550M PRO-VDH WiFi,Kingston Fury Beast 64GB DDR4,Seagate Barracuda 2TB HDD,Corsair CV550,1419.02,948
AMD Ryzen 9 5900X,GeForce RTX 2060,MSI B550M PRO-VDH WiFi,Kingston Fury Beast 64GB DDR4,Seagate Barracuda 2TB HDD,Corsair CV550,1279.02,878
AMD Ryzen 9 5900X,GeForce GTX 1080,MSI B550M PRO-VDH WiFi,Kingston Fury Beast 64GB DDR4,Seagate Barracuda 2TB HDD,Corsair CV550,1331.82,898
AMD Ryzen 9 5900X,GeForce GTX 1660 Ti,MSI B550M PRO-VDH WiFi,Kingston Fury Beast 64GB DDR4,Seagate Barracuda 2TB HDD,Corsair CV550,1239.02,838
AMD Ryzen 9 5900X,GeForce RTX 3060 Ti,MSI B550M PRO-VDH WiFi,Kingston Fury Beast 64GB DDR4,Seagate Barracuda 2TB HDD,Corsair CV550,1489.02,918
AMD Ryzen 9 5900X,GeForce RTX 2060 SUPER,MSI B550M PRO-VDH WiFi,Kingston Fury Beast 64GB DDR4,Seagate Barracuda 2TB HDD,Corsair CV550,1417.92,893
AMD Ryzen 9 5900X,GeForce GTX 1080 Ti,MSI B550M PRO-VDH WiFi,Kingston Fury Beast 64GB DDR4,Seagate Barracuda 2TB HDD,Corsair CV550,1493.1799999999998,968
AMD Ryzen 9 5900X,GeForce GTX 1660,MSI B550M PRO-VDH WiFi,Kingston Fury Beast 64GB DDR4,Seagate Barracuda 2TB HDD,Corsair CV550,1289.02,838
AMD Ryzen 9 5900X,GeForce GTX 780 Ti,MSI B550M PRO-VDH WiFi,Kingston Fury Beast 64GB DDR4,Seagate Barracuda 2TB HDD,Corsair CV550,1229.02,968
AMD Ryzen 9 5900X,Radeon R9 290X / 390X,MSI B550M PRO-VDH WiFi,Kingston Fury Beast 64GB DDR4,Seagate Barracuda 2TB HDD,MSI MAG A650BN,1229.02,1108
AMD Ryzen 9 5900X,GeForce RTX 3060,MSI B550M PRO-VDH WiFi,Kingston Fury Beast 64GB DDR4,Crucial P3 Plus 2TB NVMe SSD,Corsair CV550,1308.03,887
AMD Ryzen 9 5900X,GeForce GTX 980,MSI B550M PRO-VDH WiFi,Kingston Fury Beast 64GB DDR4,Crucial P3 Plus 2TB NVMe SSD,Corsair CV550,1226.3799999999999,882
AMD Ryzen 9 5900X,GeForce GTX 970,MSI B550M PRO-VDH WiFi,Kingston Fury Beast 64GB DDR4,Crucial P3 Plus 2TB NVMe SSD,Corsair CV550,1217.02,862
AMD Ryzen 9 5900X,Radeon RX 6600 XT,MSI B550M PRO-VDH WiFi,Kingston Fury Beast 64GB DDR4,Crucial P3 Plus 2TB NVMe SSD,Corsair CV550,1379.02,877
AMD Ryzen 9 5900X,GeForce GTX 1070,MSI B550M PRO-VDH WiFi,Kingston Fury Beast 64GB DDR4,Crucial P3 Plus 2TB NVMe SSD,Corsair CV550,1321.58,867
AMD Ryzen 9 5900X,GeForce GTX 1660 SUPER,MSI B550M PRO-VDH WiFi,Kingston Fury Beast 64GB DDR4,Crucial P3 Plus 2TB NVMe SSD,Corsair CV550,1309.02,842
AMD Ryzen 9 5900X,GeForce GTX 1070 Ti,MSI B550M PRO-VDH WiFi,Kingston Fury Beast 64GB DDR4,Crucial P3 Plus 2TB NVMe SSD,Corsair CV550,1368.03,897
AMD Ryzen 9 5900X,GeForce GTX 1060,MSI B550M PRO-VDH WiFi,Kingston Fury Beast 64GB DDR4,Crucial P3 Plus 2TB NVMe SSD,Corsair CV550,1259.02,837
AMD Ryzen 9 5900X,GeForce RTX 2060,MSI B550M PRO-VDH WiFi,Kingston Fury Beast 64GB DDR4,Crucial P3 Plus 2TB NVMe SSD,Corsair CV550,1369.02,877
AMD Ryzen 9 5900X,GeForce GTX 1080,MSI B550M PRO-VDH WiFi,Kingston Fury Beast 64GB DDR4,Crucial P3 Plus 2TB NVMe SSD,Corsair CV550,1421.82,897
AMD Ryzen 9 5900X,GeForce GTX 1660 Ti,MSI B550M PRO-VDH WiFi,Kingston Fury Beast 64GB DDR4,Crucial P3 Plus 2TB NVMe SSD,Corsair CV550,1329.02,837
AMD Ryzen 9 5900X,GeForce GTX 1060 3GB,MSI B550M PRO-VDH WiFi,Kingston Fury Beast 64GB DDR4,Crucial P3 Plus 2TB NVMe SSD,Corsair CV550,1284.03,837
AMD Ryzen 9 5900X,GeForce GTX 1660,MSI B550M PRO-VDH WiFi,Kingston Fury Beast 64GB DDR4,Crucial P3 Plus 2TB NVMe SSD,Corsair CV550,1379.02,837
AMD Ryzen 9 5900X,GeForce GTX 780,MSI B550M PRO-VDH WiFi,Kingston Fury Beast 64GB DDR4,Crucial P3 Plus 2TB NVMe SSD,Corsair CV550,1259.02,967
AMD Ryzen 9 5900X,GeForce GTX 780 Ti,MSI B550M PRO-VDH WiFi,Kingston Fury Beast 64GB DDR4,Crucial P3 Plus 2TB NVMe SSD,Corsair CV550,1319.02,967
AMD Ryzen 9 5900X,Radeon R9 290X / 390X,MSI B550M PRO-VDH WiFi,Kingston Fury Beast 64GB DDR4,Crucial P3 Plus 2TB NVMe SSD,MSI MAG A650BN,1319.02,1107
AMD Ryzen 9 5900X,Radeon RX 6600 XT,MSI B550M PRO-VDH WiFi,Corsair Vengeance LPX 32GB DDR4,WD Blue 4TB HDD,Corsair CV550,1245.02,874
AMD Ryzen 9 5900X,GeForce GTX 1070 Ti,MSI B550M PRO-VDH WiFi,Corsair Vengeance LPX 32GB DDR4,WD Blue 4TB HDD,Corsair CV550,1234.03,894
AMD Ryzen 9 5900X,Radeon RX 6700 XT,MSI B550M PRO-VDH WiFi,Corsair Vengeance LPX 32GB DDR4,WD Blue 4TB HDD,Corsair CV550,1375.02,944
AMD Ryzen 9 5900X,GeForce RTX 2060,MSI B550M PRO-VDH WiFi,Corsair Vengeance LPX 32GB DDR4,WD Blue 4TB HDD,Corsair CV550,1235.02,874
AMD Ryzen 9 5900X,GeForce GTX 1080,MSI B550M PRO-VDH WiFi,Corsair Vengeance LPX 32GB DDR4,WD Blue 4TB HDD,Corsair CV550,1287.82,894
AMD Ryzen 9 5900X,GeForce RTX 3060 Ti,MSI B550M PRO-VDH WiFi,Corsair Vengeance LPX 32GB DDR4,WD Blue 4TB HDD,Corsair CV550,1445.02,914
AMD Ryzen 9 5900X,GeForce RTX 2060 SUPER,MSI B550M PRO-VDH WiFi,Corsair Vengeance LPX 32GB DDR4,WD Blue 4TB HDD,Corsair CV550,1373.92,889
AMD Ryzen 9 5900X,GeForce GTX 1080 Ti,MSI B550M PRO-VDH WiFi,Corsair Vengeance LPX 32GB DDR4,WD Blue 4TB HDD,Corsair CV550,1449.1799999999998,964
AMD Ryzen 9 5900X,GeForce RTX 2070 SUPER,MSI B550M PRO-VDH WiFi,Corsair Vengeance LPX 32GB DDR4,WD Blue 4TB HDD,Corsair CV550,1458.83,929
AMD Ryzen 9 5900X,GeForce RTX 2080,MSI B550M PRO-VDH WiFi,Corsair Vengeance LPX 32GB DDR4,WD Blue 4TB HDD,Corsair CV550,1478.06,964
AMD Ryzen 9 5900X,GeForce GTX 1660,MSI B550M PRO-VDH WiFi,Corsair Vengeance LPX 32GB DDR4,WD Blue 4TB HDD,Corsair CV550,1245.02,834
AMD Ryzen 9 5900X,Radeon RX 6700 XT,MSI B550M PRO-VDH WiFi,Corsair Vengeance LPX 32GB DDR4,Seagate Barracuda 2TB HDD,Corsair CV550,1325.02,943
AMD Ryzen 9 5900X,GeForce GTX 1080,MSI B550M PRO-VDH WiFi,Corsair Vengeance LPX 32GB DDR4,Seagate Barracuda 2TB HDD,Corsair CV550,1237.82,893
AMD Ryzen 9 5900X,GeForce RTX 3060 Ti,MSI B550M PRO-VDH WiFi,Corsair Vengeance LPX 32GB DDR4,Seagate Barracuda 2TB HDD,Corsair CV550,1395.02,913
AMD Ryzen 9 5900X,GeForce RTX 2060 SUPER,MSI B550M PRO-VDH WiFi,Corsair Vengeance LPX 32GB DDR4,Seagate Barracuda 2TB HDD,Corsair CV550,1323.92,888
AMD Ryzen 9 5900X,GeForce GTX 1080 Ti,MSI B550M PRO-VDH WiFi,Corsair Vengeance LPX 32GB DDR4,Seagate Barracuda 2TB HDD,Corsair CV550,1399.1799999999998,963
AMD Ryzen 9 5900X,GeForce RTX 2070 SUPER,MSI B550M PRO-VDH WiFi,Corsair Vengeance LPX 32GB DDR4,Seagate Barracuda 2TB HDD,Corsair CV550,1408.83,928
AMD Ryzen 9 5900X,GeForce RTX 2080,MSI B550M PRO-VDH WiFi,Corsair Vengeance LPX 32GB DDR4,Seagate Barracuda 2TB HDD,Corsair CV550,1428.06,963
AMD Ryzen 9 5900X,GeForce RTX 2080 SUPER,MSI B550M PRO-VDH WiFi,Corsair Vengeance LPX 32GB DDR4,Seagate Barracuda 2TB HDD,Corsair CV550,1479.02,963
AMD Ryzen 9 5900X,GeForce RTX 3060,MSI B550M PRO-VDH WiFi,Corsair Vengeance LPX 32GB DDR4,Crucial P3 Plus 2TB NVMe SSD,Corsair CV550,1214.03,882
AMD Ryzen 9 5900X,Radeon RX 6600 XT,MSI B550M PRO-VDH WiFi,Corsair Vengeance LPX 32GB DDR4,Crucial P3 Plus 2TB NVMe SSD,Corsair CV550,1285.02,872
AMD Ryzen 9 5900X,GeForce GTX 1070,MSI B550M PRO-VDH WiFi,Corsair Vengeance LPX 32GB DDR4,Crucial P3 Plus 2TB NVMe SSD,Corsair CV550,1227.58,862
AMD Ryzen 9 5900X,GeForce GTX 1660 SUPER,MSI B550M PRO-VDH WiFi,Corsair Vengeance LPX 32GB DDR4,Crucial P3 Plus 2TB NVMe SSD,Corsair CV550,1215.02,837
AMD Ryzen 9 5900X,GeForce GTX 1070 Ti,MSI B550M PRO-VDH WiFi,Corsair Vengeance LPX 32GB DDR4,Crucial P3 Plus 2TB NVMe SSD,Corsair CV550,1274.03,892
AMD Ryzen 9 5900X,Radeon RX 6700 XT,MSI B550M PRO-VDH WiFi,Corsair Vengeance LPX 32GB DDR4,Crucial P3 Plus 2TB NVMe SSD,Corsair CV550,1415.02,942
AMD Ryzen 9 5900X,GeForce RTX 2060,MSI B550M PRO-VDH WiFi,Corsair Vengeance LPX 32GB DDR4,Crucial P3 Plus 2TB NVMe SSD,Corsair CV550,1275.02,872
AMD Ryzen 9 5900X,GeForce GTX 1080,MSI B550M PRO-VDH WiFi,Corsair Vengeance LPX 32GB DDR4,Crucial P3 Plus 2TB NVMe SSD,Corsair CV550,1327.82,892
AMD Ryzen 9 5900X,GeForce GTX 1660 Ti,MSI B550M PRO-VDH WiFi,Corsair Vengeance LPX 32GB DDR4,Crucial P3 Plus 2TB NVMe SSD,Corsair CV550,1235.02,832
AMD Ryzen 9 5900X,GeForce RTX 3060 Ti,MSI B550M PRO-VDH WiFi,Corsair Vengeance LPX 32GB DDR4,Crucial P3 Plus 2TB NVMe SSD,Corsair CV550,1485.02,912
AMD Ryzen 9 5900X,GeForce RTX 2060 SUPER,MSI B550M PRO-VDH WiFi,Corsair Vengeance LPX 32GB DDR4,Crucial P3 Plus 2TB NVMe SSD,Corsair CV550,1413.92,887
AMD Ryzen 9 5900X,GeForce GTX 1080 Ti,MSI B550M PRO-VDH WiFi,Corsair Vengeance LPX 32GB DDR4,Crucial P3 Plus 2TB NVMe SSD,Corsair CV550,1489.1799999999998,962
AMD Ryzen 9 5900X,GeForce RTX 2070 SUPER,MSI B550M PRO-VDH WiFi,Corsair Vengeance LPX 32GB DDR4,Crucial P3 Plus 2TB NVMe SSD,Corsair CV550,1498.83,927
AMD Ryzen 9 5900X,GeForce GTX 1660,MSI B550M PRO-VDH WiFi,Corsair Vengeance LPX 32GB DDR4,Crucial P3 Plus 2TB NVMe SSD,Corsair CV550,1285.02,832
AMD Ryzen 9 5900X,GeForce GTX 780 Ti,MSI B550M PRO-VDH WiFi,Corsair Vengeance LPX 32GB DDR4,Crucial P3 Plus 2TB NVMe SSD,Corsair CV550,1225.02,962
AMD Ryzen 9 5900X,Radeon R9 290X / 390X,MSI B550M PRO-VDH WiFi,Corsair Vengeance LPX 32GB DDR4,Crucial P3 Plus 2TB NVMe SSD,MSI MAG A650BN,1225.02,1102
AMD Ryzen 9 5900X,Radeon RX 6600 XT,MSI B550M PRO-VDH WiFi,G.Skill Ripjaws V 32GB DDR4,WD Blue 4TB HDD,Corsair CV550,1249.02,874
AMD Ryzen 9 5900X,GeForce GTX 1070 Ti,MSI B550M PRO-VDH WiFi,G.Skill Ripjaws V 32GB DDR4,WD Blue 4TB HDD,Corsair CV550,1238.03,894
AMD Ryzen 9 5900X,Radeon RX 6700 XT,MSI B550M PRO-VDH WiFi,G.Skill Ripjaws V 32GB DDR4,WD Blue 4TB HDD,Corsair CV550,1379.02,944
AMD Ryzen 9 5900X,GeForce RTX 2060,MSI B550M PRO-VDH WiFi,G.Skill Ripjaws V 32GB DDR4,WD Blue 4TB HDD,Corsair CV550,1239.02,874
AMD Ryzen 9 5900X,GeForce GTX 1080,MSI B550M PRO-VDH WiFi,G.Skill Ripjaws V 32GB DDR4,WD Blue 4TB HDD,Corsair CV550,1291.82,894
AMD Ryzen 9 5900X,GeForce RTX 3060 Ti,MSI B550M PRO-VDH WiFi,G.Skill Ripjaws V 32GB DDR4,WD Blue 4TB HDD,Corsair CV550,1449.02,914
AMD Ryzen 9 5900X,GeForce RTX 2060 SUPER,MSI B550M PRO-VDH WiFi,G.Skill Ripjaws V 32GB DDR4,WD Blue 4TB HDD,Corsair CV550,1377.92,889
AMD Ryzen 9 5900X,GeForce GTX 1080 Ti,MSI B550M PRO-VDH WiFi,G.Skill Ripjaws V 32GB DDR4,WD Blue 4TB HDD,Corsair CV550,1453.1799999999998,964
AMD Ryzen 9 5900X,GeForce RTX 2070 SUPER,MSI B550M PRO-VDH WiFi,G.Skill Ripjaws V 32GB DDR4,WD Blue 4TB HDD,Corsair CV550,1462.83,929
AMD Ryzen 9 5900X,GeForce RTX 2080,MSI B550M PRO-VDH WiFi,G.Skill Ripjaws V 32GB DDR4,WD Blue 4TB HDD,Corsair CV550,1482.06,964
AMD Ryzen 9 5900X,GeForce GTX 1660,MSI B550M PRO-VDH WiFi,G.Skill Ripjaws V 32GB DDR4,WD Blue 4TB HDD,Corsair CV550,1249.02,834
AMD Ryzen 9 5900X,Radeon RX 6700 XT,MSI B550M PRO-VDH WiFi,G.Skill Ripjaws V 32GB DDR4,Seagate Barracuda 2TB HDD,Corsair CV550,1329.02,943
AMD Ryzen 9 5900X,GeForce GTX 1080,MSI B550M PRO-VDH WiFi,G.Skill Ripjaws V 32GB DDR4,Seagate Barracuda 2TB HDD,Corsair CV550,1241.82,893
AMD Ryzen 9 5900X,GeForce RTX 3060 Ti,MSI B550M PRO-VDH WiFi,G.Skill Ripjaws V 32GB DDR4,Seagate Barracuda 2TB HDD,Corsair CV550,1399.02,913
AMD Ryzen 9 5900X,GeForce RTX 2060 SUPER,MSI B550M PRO-VDH WiFi,G.Skill Ripjaws V 32GB DDR4,Seagate Barracuda 2TB HDD,Corsair CV550,1327.92,888
AMD Ryzen 9 5900X,GeForce GTX 1080 Ti,MSI B550M PRO-VDH WiFi,G.Skill Ripjaws V 32GB DDR4,Seagate Barracuda 2TB HDD,Corsair CV550,1403.1799999999998,963
AMD Ryzen 9 5900X,GeForce RTX 2070 SUPER,MSI B550M PRO-VDH WiFi,G.Skill Ripjaws V 32GB DDR4,Seagate Barracuda 2TB HDD,Corsair CV550,1412.83,928
AMD Ryzen 9 5900X,GeForce RTX 2080,MSI B550M PRO-VDH WiFi,G.Skill Ripjaws V 32GB DDR4,Seagate Barracuda 2TB HDD,Corsair CV550,1432.06,963
AMD Ryzen 9 5900X,GeForce RTX 2080 SUPER,MSI B550M PRO-VDH WiFi,G.Skill Ripjaws V 32GB DDR4,Seagate Barracuda 2TB HDD,Corsair CV550,1483.02,963
AMD Ryzen 9 5900X,GeForce RTX 3060,MSI B550M PRO-VDH WiFi,G.Skill Ripjaws V 32GB DDR4,Crucial P3 Plus 2TB NVMe SSD,Corsair CV550,1218.03,882
AMD Ryzen 9 5900X,Radeon RX 6600 XT,MSI B550M PRO-VDH WiFi,G.Skill Ripjaws V 32GB DDR4,Crucial P3 Plus 2TB NVMe SSD,Corsair CV550,1289.02,872
AMD Ryzen 9 5900X,GeForce GTX 1070,MSI B550M PRO-VDH WiFi,G.Skill Ripjaws V 32GB DDR4,Crucial P3 Plus 2TB NVMe SSD,Corsair CV550,1231.58,862
AMD Ryzen 9 5900X,GeForce GTX 1660 SUPER,MSI B550M PRO-VDH WiFi,G.Skill Ripjaws V 32GB DDR4,Crucial P3 Plus 2TB NVMe SSD,Corsair CV550,1219.02,837
AMD Ryzen 9 5900X,GeForce GTX 1070 Ti,MSI B550M PRO-VDH WiFi,G.Skill Ripjaws V 32GB DDR4,Crucial P3 Plus 2TB NVMe SSD,Corsair CV550,1278.03,892
AMD Ryzen 9 5900X,Radeon RX 6700 XT,MSI B550M PRO-VDH WiFi,G.Skill Ripjaws V 32GB DDR4,Crucial P3 Plus 2TB NVMe SSD,Corsair CV550,1419.02,942
AMD Ryzen 9 5900X,GeForce RTX 2060,MSI B550M PRO-VDH WiFi,G.Skill Ripjaws V 32GB DDR4,Crucial P3 Plus 2TB NVMe SSD,Corsair CV550,1279.02,872
AMD Ryzen 9 5900X,GeForce GTX 1080,MSI B550M PRO-VDH WiFi,G.Skill Ripjaws V 32GB DDR4,Crucial P3 Plus 2TB NVMe SSD,Corsair CV550,1331.82,892
AMD Ryzen 9 5900X,GeForce GTX 1660 Ti,MSI B550M PRO-VDH WiFi,G.Skill Ripjaws V 32GB DDR4,Crucial P3 Plus 2TB NVMe SSD,Corsair CV550,1239.02,832
AMD Ryzen 9 5900X,GeForce RTX 3060 Ti,MSI B550M PRO-VDH WiFi,G.Skill Ripjaws V 32GB DDR4,Crucial P3 Plus 2TB NVMe SSD,Corsair CV550,1489.02,912
AMD Ryzen 9 5900X,GeForce RTX 2060 SUPER,MSI B550M PRO-VDH WiFi,G.Skill Ripjaws V 32GB DDR4,Crucial P3 Plus 2TB NVMe SSD,Corsair CV550,1417.92,887
AMD Ryzen 9 5900X,GeForce GTX 1080 Ti,MSI B550M PRO-VDH WiFi,G.Skill Ripjaws V 32GB DDR4,Crucial P3 Plus 2TB NVMe SSD,Corsair CV550,1493.1799999999998,962
AMD Ryzen 9 5900X,GeForce GTX 1660,MSI B550M PRO-VDH WiFi,G.Skill Ripjaws V 32GB DDR4,Crucial P3 Plus 2TB NVMe SSD,Corsair CV550,1289.02,832
AMD Ryzen 9 5900X,GeForce GTX 780 Ti,MSI B550M PRO-VDH WiFi,G.Skill Ripjaws V 32GB DDR4,Crucial P3 Plus 2TB NVMe SSD,Corsair CV550,1229.02,962
AMD Ryzen 9 5900X,Radeon R9 290X / 390X,MSI B550M PRO-VDH WiFi,G.Skill Ripjaws V 32GB DDR4,Crucial P3 Plus 2TB NVMe SSD,MSI MAG A650BN,1229.02,1102
AMD Athlon X4 950,GeForce RTX 3070 Ti,MSI B550M PRO-VDH WiFi,Kingston Fury Beast 64GB DDR4,WD Blue 4TB HDD,Corsair CV550,1331.98,969
AMD Athlon X4 950,GeForce RTX 3070,MSI B550M PRO-VDH WiFi,Kingston Fury Beast 64GB DDR4,WD Blue 4TB HDD,Corsair CV550,1301.98,899
AMD Athlon X4 950,GeForce RTX 2080,MSI B550M PRO-VDH WiFi,Kingston Fury Beast 64GB DDR4,WD Blue 4TB HDD,Corsair CV550,1215.02,929
AMD Athlon X4 950,GeForce RTX 2080 SUPER,MSI B550M PRO-VDH WiFi,Kingston Fury Beast 64GB DDR4,WD Blue 4TB HDD,Corsair CV550,1265.98,929
AMD Athlon X4 950,GeForce RTX 3070 Ti,MSI B550M PRO-VDH WiFi,Kingston Fury Beast 64GB DDR4,Seagate Barracuda 2TB HDD,Corsair CV550,1281.98,968
AMD Athlon X4 950,GeForce RTX 3070,MSI B550M PRO-VDH WiFi,Kingston Fury Beast 64GB DDR4,Seagate Barracuda 2TB HDD,Corsair CV550,1251.98,898
AMD Athlon X4 950,GeForce RTX 2080 SUPER,MSI B550M PRO-VDH WiFi,Kingston Fury Beast 64GB DDR4,Seagate Barracuda 2TB HDD,Corsair CV550,1215.98,928
AMD Athlon X4 950,GeForce RTX 3060 Ti,MSI B550M PRO-VDH WiFi,Kingston Fury Beast 64GB DDR4,Crucial P3 Plus 2TB NVMe SSD,Corsair CV550,1221.98,877
AMD Athlon X4 950,GeForce RTX 3070 Ti,MSI B550M PRO-VDH WiFi,Kingston Fury Beast 64GB DDR4,Crucial P3 Plus 2TB NVMe SSD,Corsair CV550,1371.98,967
AMD Athlon X4 950,GeForce RTX 3070,MSI B550M PRO-VDH WiFi,Kingston Fury Beast 64GB DDR4,Crucial P3 Plus 2TB NVMe SSD,Corsair CV550,1341.98,897
AMD Athlon X4 950,GeForce GTX 1080 Ti,MSI B550M PRO-VDH WiFi,Kingston Fury Beast 64GB DDR4,Crucial P3 Plus 2TB NVMe SSD,Corsair CV550,1226.1399999999999,927
AMD Athlon X4 950,GeForce RTX 2070 SUPER,MSI B550M PRO-VDH WiFi,Kingston Fury Beast 64GB DDR4,Crucial P3 Plus 2TB NVMe SSD,Corsair CV550,1235.79,892
AMD Athlon X4 950,GeForce RTX 2080,MSI B550M PRO-VDH WiFi,Kingston Fury Beast 64GB DDR4,Crucial P3 Plus 2TB NVMe SSD,Corsair CV550,1255.02,927
AMD Athlon X4 950,GeForce RTX 2080 SUPER,MSI B550M PRO-VDH WiFi,Kingston Fury Beast 64GB DDR4,Crucial P3 Plus 2TB NVMe SSD,Corsair CV550,1305.98,927
AMD Athlon X4 950,GeForce RTX 3070 Ti,MSI B550M PRO-VDH WiFi,Corsair Vengeance LPX 32GB DDR4,WD Blue 4TB HDD,Corsair CV550,1237.98,964
AMD Athlon X4 950,GeForce RTX 3070,MSI B550M PRO-VDH WiFi,Corsair Vengeance LPX 32GB DDR4,WD Blue 4TB HDD,Corsair CV550,1207.98,894
AMD Athlon X4 950,GeForce RTX 3070 Ti,MSI B550M PRO-VDH WiFi,Corsair Vengeance LPX 32GB DDR4,Crucial P3 Plus 2TB NVMe SSD,Corsair CV550,1277.98,962
AMD Athlon X4 950,GeForce RTX 3070,MSI B550M PRO-VDH WiFi,Corsair Vengeance LPX 32GB DDR4,Crucial P3 Plus 2TB NVMe SSD,Corsair CV550,1247.98,892
AMD Athlon X4 950,GeForce RTX 2080 SUPER,MSI B550M PRO-VDH WiFi,Corsair Vengeance LPX 32GB DDR4,Crucial P3 Plus 2TB NVMe SSD,Corsair CV550,1211.98,922
AMD Athlon X4 950,GeForce RTX 3070 Ti,MSI B550M PRO-VDH WiFi,G.Skill Ripjaws V 32GB DDR4,WD Blue 4TB HDD,Corsair CV550,1241.98,964
AMD Athlon X4 950,GeForce RTX 3070,MSI B550M PRO-VDH WiFi,G.Skill Ripjaws V 32GB DDR4,WD Blue 4TB HDD,Corsair CV550,1211.98,894
AMD Athlon X4 950,GeForce RTX 3070 Ti,MSI B550M PRO-VDH WiFi,G.Skill Ripjaws V 32GB DDR4,Crucial P3 Plus 2TB NVMe SSD,Corsair CV550,1281.98,962
AMD Athlon X4 950,GeForce RTX 3070,MSI B550M PRO-VDH WiFi,G.Skill Ripjaws V 32GB DDR4,Crucial P3 Plus 2TB NVMe SSD,Corsair CV550,1251.98,892
AMD Athlon X4 950,GeForce RTX 2080 SUPER,MSI B550M PRO-VDH WiFi,G.Skill Ripjaws V 32GB DDR4,Crucial P3 Plus 2TB NVMe SSD,Corsair CV550,1215.98,922
AMD Ryzen 7 1700,Radeon RX 6700 XT,MSI B550M PRO-VDH WiFi,Kingston Fury Beast 64GB DDR4,WD Blue 4TB HDD,Corsair CV550,1228.67,909
AMD Ryzen 7 1700,GeForce RTX 3060 Ti,MSI B550M PRO-VDH WiFi,Kingston Fury Beast 64GB DDR4,WD Blue 4TB HDD,Corsair CV550,1298.67,879
AMD Ryzen 7 1700,GeForce RTX 2060 SUPER,MSI B550M PRO-VDH WiFi,Kingston Fury Beast 64GB DDR4,WD Blue 4TB HDD,Corsair CV550,1227.57,854
AMD Ryzen 7 1700,GeForce RTX 3070 Ti,MSI B550M PRO-VDH WiFi,Kingston Fury Beast 64GB DDR4,WD Blue 4TB HDD,Corsair CV550,1448.67,969
AMD Ryzen 7 1700,GeForce RTX 3070,MSI B550M PRO-VDH WiFi,Kingston Fury Beast 64GB DDR4,WD Blue 4TB HDD,Corsair CV550,1418.67,899
AMD Ryzen 7 1700,GeForce GTX 1080 Ti,MSI B550M PRO-VDH WiFi,Kingston Fury Beast 64GB DDR4,WD Blue 4TB HDD,Corsair CV550,1302.83,929
AMD Ryzen 7 1700,GeForce RTX 2070 SUPER,MSI B550M PRO-VDH WiFi,Kingston Fury Beast 64GB DDR4,WD Blue 4TB HDD,Corsair CV550,1312.48,894
AMD Ryzen 7 1700,GeForce RTX 2080,MSI B550M PRO-VDH WiFi,Kingston Fury Beast 64GB DDR4,WD Blue 4TB HDD,Corsair CV550,1331.71,929
AMD Ryzen 7 1700,GeForce RTX 2080 SUPER,MSI B550M PRO-VDH WiFi,Kingston Fury Beast 64GB DDR4,WD Blue 4TB HDD,Corsair CV550,1382.67,929
AMD Ryzen 7 1700,GeForce RTX 3060 Ti,MSI B550M PRO-VDH WiFi,Kingston Fury Beast 64GB DDR4,Seagate Barracuda 2TB HDD,Corsair CV550,1248.67,878
AMD Ryzen 7 1700,GeForce RTX 3070 Ti,MSI B550M PRO-VDH WiFi,Kingston Fury Beast 64GB DDR4,Seagate Barracuda 2TB HDD,Corsair CV550,1398.67,968
AMD Ryzen 7 1700,GeForce RTX 3070,MSI B550M PRO-VDH WiFi,Kingston Fury Beast 64GB DDR4,Seagate Barracuda 2TB HDD,Corsair CV550,1368.67,898
AMD Ryzen 7 1700,GeForce GTX 1080 Ti,MSI B550M PRO-VDH WiFi,Kingston Fury Beast 64GB DDR4,Seagate Barracuda 2TB HDD,Corsair CV550,1252.83,928
AMD Ryzen 7 1700,GeForce RTX 2070 SUPER,MSI B550M PRO-VDH WiFi,Kingston Fury Beast 64GB DDR4,Seagate Barracuda 2TB HDD,Corsair CV550,1262.48,893
AMD Ryzen 7 1700,GeForce RTX 2080,MSI B550M PRO-VDH WiFi,Kingston Fury Beast 64GB DDR4,Seagate Barracuda 2TB HDD,Corsair CV550,1281.71,928
AMD Ryzen 7 1700,GeForce RTX 2080 SUPER,MSI B550M PRO-VDH WiFi,Kingston Fury Beast 64GB DDR4,Seagate Barracuda 2TB HDD,Corsair CV550,1332.67,928
AMD Ryzen 7 1700,Radeon RX 6700 XT,MSI B550M PRO-VDH WiFi,Kingston Fury Beast 64GB DDR4,Crucial P3 Plus 2TB NVMe SSD,Corsair CV550,1268.67,907
AMD Ryzen 7 1700,GeForce RTX 3060 Ti,MSI B550M PRO-VDH WiFi,Kingston Fury Beast 64GB DDR4,Crucial P3 Plus 2TB NVMe SSD,Corsair CV550,1338.67,877
AMD Ryzen 7 1700,GeForce RTX 2060 SUPER,MSI B550M PRO-VDH WiFi,Kingston Fury Beast 64GB DDR4,Crucial P3 Plus 2TB NVMe SSD,Corsair CV550,1267.57,852
AMD Ryzen 7 1700,GeForce RTX 3070 Ti,MSI B550M PRO-VDH WiFi,Kingston Fury Beast 64GB DDR4,Crucial P3 Plus 2TB NVMe SSD,Corsair CV550,1488.67,967
AMD Ryzen 7 1700,GeForce RTX 3070,MSI B550M PRO-VDH WiFi,Kingston Fury Beast 64GB DDR4,Crucial P3 Plus 2TB NVMe SSD,Corsair CV550,1458.67,897
AMD Ryzen 7 1700,GeForce GTX 1080 Ti,MSI B550M PRO-VDH WiFi,Kingston Fury Beast 64GB DDR4,Crucial P3 Plus 2TB NVMe SSD,Corsair CV550,1342.83,927
AMD Ryzen 7 1700,GeForce RTX 2070 SUPER,MSI B550M PRO-VDH WiFi,Kingston Fury Beast 64GB DDR4,Crucial P3 Plus 2TB NVMe SSD,Corsair CV550,1352.48,892
AMD Ryzen 7 1700,GeForce RTX 2080,MSI B550M PRO-VDH WiFi,Kingston Fury Beast 64GB DDR4,Crucial P3 Plus 2TB NVMe SSD,Corsair CV550,1371.71,927
AMD Ryzen 7 1700,GeForce RTX 2080 SUPER,MSI B550M PRO-VDH WiFi,Kingston Fury Beast 64GB DDR4,Crucial P3 Plus 2TB NVMe SSD,Corsair CV550,1422.67,927
AMD Ryzen 7 1700,GeForce RTX 3060 Ti,MSI B550M PRO-VDH WiFi,Corsair Vengeance LPX 32GB DDR4,WD Blue 4TB HDD,Corsair CV550,1204.67,874
AMD Ryzen 7 1700,GeForce RTX 3070 Ti,MSI B550M PRO-VDH WiFi,Corsair Vengeance LPX 32GB DDR4,WD Blue 4TB HDD,Corsair CV550,1354.67,964
AMD Ryzen 7 1700,GeForce RTX 3070,MSI B550M PRO-VDH WiFi,Corsair Vengeance LPX 32GB DDR4,WD Blue 4TB HDD,Corsair CV550,1324.67,894
AMD Ryzen 7 1700,GeForce GTX 1080 Ti,MSI B550M PRO-VDH WiFi,Corsair Vengeance LPX 32GB DDR4,WD Blue 4TB HDD,Corsair CV550,1208.83,924
AMD Ryzen 7 1700,GeForce RTX 2070 SUPER,MSI B550M PRO-VDH WiFi,Corsair Vengeance LPX 32GB DDR4,WD Blue 4TB HDD,Corsair CV550,1218.48,889
AMD Ryzen 7 1700,GeForce RTX 2080,MSI B550M PRO-VDH WiFi,Corsair Vengeance LPX 32GB DDR4,WD Blue 4TB HDD,Corsair CV550,1237.71,924
AMD Ryzen 7 1700,GeForce RTX 2080 SUPER,MSI B550M PRO-VDH WiFi,Corsair Vengeance LPX 32GB DDR4,WD Blue 4TB HDD,Corsair CV550,1288.67,924
AMD Ryzen 7 1700,GeForce RTX 3070 Ti,MSI B550M PRO-VDH WiFi,Corsair Vengeance LPX 32GB DDR4,Seagate Barracuda 2TB HDD,Corsair CV550,1304.67,963
AMD Ryzen 7 1700,GeForce RTX 3070,MSI B550M PRO-VDH WiFi,Corsair Vengeance LPX 32GB DDR4,Seagate Barracuda 2TB HDD,Corsair CV550,1274.67,893
AMD Ryzen 7 1700,GeForce RTX 2080 SUPER,MSI B550M PRO-VDH WiFi,Corsair Vengeance LPX 32GB DDR4,Seagate Barracuda 2TB HDD,Corsair CV550,1238.67,923
AMD Ryzen 7 1700,GeForce RTX 3060 Ti,MSI B550M PRO-VDH WiFi,Corsair Vengeance LPX 32GB DDR4,Crucial P3 Plus 2TB NVMe SSD,Corsair CV550,1244.67,872
AMD Ryzen 7 1700,GeForce RTX 3070 Ti,MSI B550M PRO-VDH WiFi,Corsair Vengeance LPX 32GB DDR4,Crucial P3 Plus 2TB NVMe SSD,Corsair CV550,1394.67,962
AMD Ryzen 7 1700,GeForce RTX 3070,MSI B550M PRO-VDH WiFi,Corsair Vengeance LPX 32GB DDR4,Crucial P3 Plus 2TB NVMe SSD,Corsair CV550,1364.67,892
AMD Ryzen 7 1700,GeForce GTX 1080 Ti,MSI B550M PRO-VDH WiFi,Corsair Vengeance LPX 32GB DDR4,Crucial P3 Plus 2TB NVMe SSD,Corsair CV550,1248.83,922
AMD Ryzen 7 1700,GeForce RTX 2070 SUPER,MSI B550M PRO-VDH WiFi,Corsair Vengeance LPX 32GB DDR4,Crucial P3 Plus 2TB NVMe SSD,Corsair CV550,1258.48,887
AMD Ryzen 7 1700,GeForce RTX 2080,MSI B550M PRO-VDH WiFi,Corsair Vengeance LPX 32GB DDR4,Crucial P3 Plus 2TB NVMe SSD,Corsair CV550,1277.71,922
AMD Ryzen 7 1700,GeForce RTX 2080 SUPER,MSI B550M PRO-VDH WiFi,Corsair Vengeance LPX 32GB DDR4,Crucial P3 Plus 2TB NVMe SSD,Corsair CV550,1328.67,922
AMD Ryzen 7 1700,GeForce RTX 3060 Ti,MSI B550M PRO-VDH WiFi,G.Skill Ripjaws V 32GB DDR4,WD Blue 4TB HDD,Corsair CV550,1208.67,874
AMD Ryzen 7 1700,GeForce RTX 3070 Ti,MSI B550M PRO-VDH WiFi,G.Skill Ripjaws V 32GB DDR4,WD Blue 4TB HDD,Corsair CV550,1358.67,964
AMD Ryzen 7 1700,GeForce RTX 3070,MSI B550M PRO-VDH WiFi,G.Skill Ripjaws V 32GB DDR4,WD Blue 4TB HDD,Corsair CV550,1328.67,894
AMD Ryzen 7 1700,GeForce GTX 1080 Ti,MSI B550M PRO-VDH WiFi,G.Skill Ripjaws V 32GB DDR4,WD Blue 4TB HDD,Corsair CV550,1212.83,924
AMD Ryzen 7 1700,GeForce RTX 2070 SUPER,MSI B550M PRO-VDH WiFi,G.Skill Ripjaws V 32GB DDR4,WD Blue 4TB HDD,Corsair CV550,1222.48,889
AMD Ryzen 7 1700,GeForce RTX 2080,MSI B550M PRO-VDH WiFi,G.Skill Ripjaws V 32GB DDR4,WD Blue 4TB HDD,Corsair CV550,1241.71,924
AMD Ryzen 7 1700,GeForce RTX 2080 SUPER,MSI B550M PRO-VDH WiFi,G.Skill Ripjaws V 32GB DDR4,WD Blue 4TB HDD,Corsair CV550,1292.67,924
AMD Ryzen 7 1700,GeForce RTX 3070 Ti,MSI B550M PRO-VDH WiFi,G.Skill Ripjaws V 32GB DDR4,Seagate Barracuda 2TB HDD,Corsair CV550,1308.67,963
AMD Ryzen 7 1700,GeForce RTX 3070,MSI B550M PRO-VDH WiFi,G.Skill Ripjaws V 32GB DDR4,Seagate Barracuda 2TB HDD,Corsair CV550,1278.67,893
AMD Ryzen 7 1700,GeForce RTX 2080 SUPER,MSI B550M PRO-VDH WiFi,G.Skill Ripjaws V 32GB DDR4,Seagate Barracuda 2TB HDD,Corsair CV550,1242.67,923
AMD Ryzen 7 1700,GeForce RTX 3060 Ti,MSI B550M PRO-VDH WiFi,G.Skill Ripjaws V 32GB DDR4,Crucial P3 Plus 2TB NVMe SSD,Corsair CV550,1248.67,872
AMD Ryzen 7 1700,GeForce RTX 3070 Ti,MSI B550M PRO-VDH WiFi,G.Skill Ripjaws V 32GB DDR4,Crucial P3 Plus 2TB NVMe SSD,Corsair CV550,1398.67,962
AMD Ryzen 7 1700,GeForce RTX 3070,MSI B550M PRO-VDH WiFi,G.Skill Ripjaws V 32GB DDR4,Crucial P3 Plus 2TB NVMe SSD,Corsair CV550,1368.67,892
AMD Ryzen 7 1700,GeForce GTX 1080 Ti,MSI B550M PRO-VDH WiFi,G.Skill Ripjaws V 32GB DDR4,Crucial P3 Plus 2TB NVMe SSD,Corsair CV550,1252.83,922
AMD Ryzen 7 1700,GeForce RTX 2070 SUPER,MSI B550M PRO-VDH WiFi,G.Skill Ripjaws V 32GB DDR4,Crucial P3 Plus 2TB NVMe SSD,Corsair CV550,1262.48,887
AMD Ryzen 7 1700,GeForce RTX 2080,MSI B550M PRO-VDH WiFi,G.Skill Ripjaws V 32GB DDR4,Crucial P3 Plus 2TB NVMe SSD,Corsair CV550,1281.71,922
AMD Ryzen 7 1700,GeForce RTX 2080 SUPER,MSI B550M PRO-VDH WiFi,G.Skill Ripjaws V 32GB DDR4,Crucial P3 Plus 2TB NVMe SSD,Corsair CV550,1332.67,922
AMD Ryzen 7 3800X,Radeon RX 6700 XT,MSI B550M PRO-VDH WiFi,Kingston Fury Beast 64GB DDR4,WD Blue 4TB HDD,Corsair CV550,1324.58,949
AMD Ryzen 7 3800X,GeForce GTX 1080,MSI B550M PRO-VDH WiFi,Kingston Fury Beast 64GB DDR4,WD Blue 4TB HDD,Corsair CV550,1237.38,899
AMD Ryzen 7 3800X,GeForce RTX 3060 Ti,MSI B550M PRO-VDH WiFi,Kingston Fury Beast 64GB DDR4,WD Blue 4TB HDD,Corsair CV550,1394.58,919
AMD Ryzen 7 3800X,GeForce RTX 2060 SUPER,MSI B550M PRO-VDH WiFi,Kingston Fury Beast 64GB DDR4,WD Blue 4TB HDD,Corsair CV550,1323.48,894
AMD Ryzen 7 3800X,GeForce GTX 1080 Ti,MSI B550M PRO-VDH WiFi,Kingston Fury Beast 64GB DDR4,WD Blue 4TB HDD,Corsair CV550,1398.74,969
AMD Ryzen 7 3800X,GeForce RTX 2070 SUPER,MSI B550M PRO-VDH WiFi,Kingston Fury Beast 64GB DDR4,WD Blue 4TB HDD,Corsair CV550,1408.3899999999999,934
AMD Ryzen 7 3800X,GeForce RTX 2080,MSI B550M PRO-VDH WiFi,Kingston Fury Beast 64GB DDR4,WD Blue 4TB HDD,Corsair CV550,1427.62,969
AMD Ryzen 7 3800X,GeForce RTX 2080 SUPER,MSI B550M PRO-VDH WiFi,Kingston Fury Beast 64GB DDR4,WD Blue 4TB HDD,Corsair CV550,1478.58,969
AMD Ryzen 7 3800X,Radeon RX 6700 XT,MSI B550M PRO-VDH WiFi,Kingston Fury Beast 64GB DDR4,Seagate Barracuda 2TB HDD,Corsair CV550,1274.58,948
AMD Ryzen 7 3800X,GeForce RTX 3060 Ti,MSI B550M PRO-VDH WiFi,Kingston Fury Beast 64GB DDR4,Seagate Barracuda 2TB HDD,Corsair CV550,1344.58,918
AMD Ryzen 7 3800X,GeForce RTX 2060 SUPER,MSI B550M PRO-VDH WiFi,Kingston Fury Beast 64GB DDR4,Seagate Barracuda 2TB HDD,Corsair CV550,1273.48,893
AMD Ryzen 7 3800X,GeForce RTX 3070,MSI B550M PRO-VDH WiFi,Kingston Fury Beast 64GB DDR4,Seagate Barracuda 2TB HDD,Corsair CV550,1464.58,938
AMD Ryzen 7 3800X,GeForce GTX 1080 Ti,MSI B550M PRO-VDH WiFi,Kingston Fury Beast 64GB DDR4,Seagate Barracuda 2TB HDD,Corsair CV550,1348.74,968
AMD Ryzen 7 3800X,GeForce RTX 2070 SUPER,MSI B550M PRO-VDH WiFi,Kingston Fury Beast 64GB DDR4,Seagate Barracuda 2TB HDD,Corsair CV550,1358.3899999999999,933
AMD Ryzen 7 3800X,GeForce RTX 2080,MSI B550M PRO-VDH WiFi,Kingston Fury Beast 64GB DDR4,Seagate Barracuda 2TB HDD,Corsair CV550,1377.62,968
AMD Ryzen 7 3800X,GeForce RTX 2080 SUPER,MSI B550M PRO-VDH WiFi,Kingston Fury Beast 64GB DDR4,Seagate Barracuda 2TB HDD,Corsair CV550,1428.58,968
AMD Ryzen 7 3800X,Radeon RX 6600 XT,MSI B550M PRO-VDH WiFi,Kingston Fury Beast 64GB DDR4,Crucial P3 Plus 2TB NVMe SSD,Corsair CV550,1234.58,877
AMD Ryzen 7 3800X,GeForce GTX 1070 Ti,MSI B550M PRO-VDH WiFi,Kingston Fury Beast 64GB DDR4,Crucial P3 Plus 2TB NVMe SSD,Corsair CV550,1223.59,897
AMD Ryzen 7 3800X,Radeon RX 6700 XT,MSI B550M PRO-VDH WiFi,Kingston Fury Beast 64GB DDR4,Crucial P3 Plus 2TB NVMe SSD,Corsair CV550,1364.58,947
AMD Ryzen 7 3800X,GeForce RTX 2060,MSI B550M PRO-VDH WiFi,Kingston Fury Beast 64GB DDR4,Crucial P3 Plus 2TB NVMe SSD,Corsair CV550,1224.58,877
AMD Ryzen 7 3800X,GeForce GTX 1080,MSI B550M PRO-VDH WiFi,Kingston Fury Beast 64GB DDR4,Crucial P3 Plus 2TB NVMe SSD,Corsair CV550,1277.38,897
AMD Ryzen 7 3800X,GeForce RTX 3060 Ti,MSI B550M PRO-VDH WiFi,Kingston Fury Beast 64GB DDR4,Crucial P3 Plus 2TB NVMe SSD,Corsair CV550,1434.58,917
AMD Ryzen 7 3800X,GeForce RTX 2060 SUPER,MSI B550M PRO-VDH WiFi,Kingston Fury Beast 64GB DDR4,Crucial P3 Plus 2TB NVMe SSD,Corsair CV550,1363.48,892
AMD Ryzen 7 3800X,GeForce GTX 1080 Ti,MSI B550M PRO-VDH WiFi,Kingston Fury Beast 64GB DDR4,Crucial P3 Plus 2TB NVMe SSD,Corsair CV550,1438.74,967
AMD Ryzen 7 3800X,GeForce RTX 2070 SUPER,MSI B550M PRO-VDH WiFi,Kingston Fury Beast 64GB DDR4,Crucial P3 Plus 2TB NVMe SSD,Corsair CV550,1448.3899999999999,932
AMD Ryzen 7 3800X,GeForce RTX 2080,MSI B550M PRO-VDH WiFi,Kingston Fury Beast 64GB DDR4,Crucial P3 Plus 2TB NVMe SSD,Corsair CV550,1467.62,967
AMD Ryzen 7 3800X,GeForce GTX 1660,MSI B550M PRO-VDH WiFi,Kingston Fury Beast 64GB DDR4,Crucial P3 Plus 2TB NVMe SSD,Corsair CV550,1234.58,837
AMD Ryzen 7 3800X,Radeon RX 6700 XT,MSI B550M PRO-VDH WiFi,Corsair Vengeance LPX 32GB DDR4,WD Blue 4TB HDD,Corsair CV550,1230.58,944
AMD Ryzen 7 3800X,GeForce RTX 3060 Ti,MSI B550M PRO-VDH WiFi,Corsair Vengeance LPX 32GB DDR4,WD Blue 4TB HDD,Corsair CV550,1300.58,914
AMD Ryzen 7 3800X,GeForce RTX 2060 SUPER,MSI B550M PRO-VDH WiFi,Corsair Vengeance LPX 32GB DDR4,WD Blue 4TB HDD,Corsair CV550,1229.48,889
AMD Ryzen 7 3800X,GeForce RTX 3070 Ti,MSI B550M PRO-VDH WiFi,Corsair Vengeance LPX 32GB DDR4,WD Blue 4TB HDD,MSI MAG A650BN,1470.58,1104
AMD Ryzen 7 3800X,GeForce RTX 3070,MSI B550M PRO-VDH WiFi,Corsair Vengeance LPX 32GB DDR4,WD Blue 4TB HDD,Corsair CV550,1420.58,934
AMD Ryzen 7 3800X,GeForce GTX 1080 Ti,MSI B550M PRO-VDH WiFi,Corsair Vengeance LPX 32GB DDR4,WD Blue 4TB HDD,Corsair CV550,1304.74,964
AMD Ryzen 7 3800X,GeForce RTX 2070 SUPER,MSI B550M PRO-VDH WiFi,Corsair Vengeance LPX 32GB DDR4,WD Blue 4TB HDD,Corsair CV550,1314.3899999999999,929
AMD Ryzen 7 3800X,GeForce RTX 2080,MSI B550M PRO-VDH WiFi,Corsair Vengeance LPX 32GB DDR4,WD Blue 4TB HDD,Corsair CV550,1333.62,964
AMD Ryzen 7 3800X,GeForce RTX 2080 SUPER,MSI B550M PRO-VDH WiFi,Corsair Vengeance LPX 32GB DDR4,WD Blue 4TB HDD,Corsair CV550,1384.58,964
AMD Ryzen 7 3800X,GeForce RTX 3060 Ti,MSI B550M PRO-VDH WiFi,Corsair Vengeance LPX 32GB DDR4,Seagate Barracuda 2TB HDD,Corsair CV550,1250.58,913
AMD Ryzen 7 3800X,GeForce RTX 3070 Ti,MSI B550M PRO-VDH WiFi,Corsair Vengeance LPX 32GB DDR4,Seagate Barracuda 2TB HDD,MSI MAG A650BN,1420.58,1103
AMD Ryzen 7 3800X,GeForce RTX 3070,MSI B550M PRO-VDH WiFi,Corsair Vengeance LPX 32GB DDR4,Seagate Barracuda 2TB HDD,Corsair CV550,1370.58,933
AMD Ryzen 7 3800X,GeForce GTX 1080 Ti,MSI B550M PRO-VDH WiFi,Corsair Vengeance LPX 32GB DDR4,Seagate Barracuda 2TB HDD,Corsair CV550,1254.74,963
AMD Ryzen 7 3800X,GeForce RTX 2070 SUPER,MSI B550M PRO-VDH WiFi,Corsair Vengeance LPX 32GB DDR4,Seagate Barracuda 2TB HDD,Corsair CV550,1264.3899999999999,928
AMD Ryzen 7 3800X,GeForce RTX 2080,MSI B550M PRO-VDH WiFi,Corsair Vengeance LPX 32GB DDR4,Seagate Barracuda 2TB HDD,Corsair CV550,1283.62,963
AMD Ryzen 7 3800X,GeForce RTX 2080 SUPER,MSI B550M PRO-VDH WiFi,Corsair Vengeance LPX 32GB DDR4,Seagate Barracuda 2TB HDD,Corsair CV550,1334.58,963
AMD Ryzen 7 3800X,Radeon RX 6700 XT,MSI B550M PRO-VDH WiFi,Corsair Vengeance LPX 32GB DDR4,Crucial P3 Plus 2TB NVMe SSD,Corsair CV550,1270.58,942
AMD Ryzen 7 3800X,GeForce RTX 3060 Ti,MSI B550M PRO-VDH WiFi,Corsair Vengeance LPX 32GB DDR4,Crucial P3 Plus 2TB NVMe SSD,Corsair CV550,1340.58,912
AMD Ryzen 7 3800X,GeForce RTX 2060 SUPER,MSI B550M PRO-VDH WiFi,Corsair Vengeance LPX 32GB DDR4,Crucial P3 Plus 2TB NVMe SSD,Corsair CV550,1269.48,887
AMD Ryzen 7 3800X,GeForce RTX 3070,MSI B550M PRO-VDH WiFi,Corsair Vengeance LPX 32GB DDR4,Crucial P3 Plus 2TB NVMe SSD,Corsair CV550,1460.58,932
AMD Ryzen 7 3800X,GeForce GTX 1080 Ti,MSI B550M PRO-VDH WiFi,Corsair Vengeance LPX 32GB DDR4,Crucial P3 Plus 2TB NVMe SSD,Corsair CV550,1344.74,962
AMD Ryzen 7 3800X,GeForce RTX 2070 SUPER,MSI B550M PRO-VDH WiFi,Corsair Vengeance LPX 32GB DDR4,Crucial P3 Plus 2TB NVMe SSD,Corsair CV550,1354.3899999999999,927
AMD Ryzen 7 3800X,GeForce RTX 2080,MSI B550M PRO-VDH WiFi,Corsair Vengeance LPX 32GB DDR4,Crucial P3 Plus 2TB NVMe SSD,Corsair CV550,1373.62,962
AMD Ryzen 7 3800X,GeForce RTX 2080 SUPER,MSI B550M PRO-VDH WiFi,Corsair Vengeance LPX 32GB DDR4,Crucial P3 Plus 2TB NVMe SSD,Corsair CV550,1424.58,962
AMD Ryzen 7 3800X,Radeon RX 6700 XT,MSI B550M PRO-VDH WiFi,G.Skill Ripjaws V 32GB DDR4,WD Blue 4TB HDD,Corsair CV550,1234.58,944
AMD Ryzen 7 3800X,GeForce RTX 3060 Ti,MSI B550M PRO-VDH WiFi,G.Skill Ripjaws V 32GB DDR4,WD Blue 4TB HDD,Corsair CV550,1304.58,914
AMD Ryzen 7 3800X,GeForce RTX 2060 SUPER,MSI B550M PRO-VDH WiFi,G.Skill Ripjaws V 32GB DDR4,WD Blue 4TB HDD,Corsair CV550,1233.48,889
AMD Ryzen 7 3800X,GeForce RTX 3070 Ti,MSI B550M PRO-VDH WiFi,G.Skill Ripjaws V 32GB DDR4,WD Blue 4TB HDD,MSI MAG A650BN,1474.58,1104
AMD Ryzen 7 3800X,GeForce RTX 3070,MSI B550M PRO-VDH WiFi,G.Skill Ripjaws V 32GB DDR4,WD Blue 4TB HDD,Corsair CV550,1424.58,934
AMD Ryzen 7 3800X,GeForce GTX 1080 Ti,MSI B550M PRO-VDH WiFi,G.Skill Ripjaws V 32GB DDR4,WD Blue 4TB HDD,Corsair CV550,1308.74,964
AMD Ryzen 7 3800X,GeForce RTX 2070 SUPER,MSI B550M PRO-VDH WiFi,G.Skill Ripjaws V 32GB DDR4,WD Blue 4TB HDD,Corsair CV550,1318.3899999999999,929
AMD Ryzen 7 3800X,GeForce RTX 2080,MSI B550M PRO-VDH WiFi,G.Skill Ripjaws V 32GB DDR4,WD Blue 4TB HDD,Corsair CV550,1337.62,964
AMD Ryzen 7 3800X,GeForce RTX 2080 SUPER,MSI B550M PRO-VDH WiFi,G.Skill Ripjaws V 32GB DDR4,WD Blue 4TB HDD,Corsair CV550,1388.58,964
AMD Ryzen 7 3800X,GeForce RTX 3060 Ti,MSI B550M PRO-VDH WiFi,G.Skill Ripjaws V 32GB DDR4,Seagate Barracuda 2TB HDD,Corsair CV550,1254.58,913
AMD Ryzen 7 3800X,GeForce RTX 3070 Ti,MSI B550M PRO-VDH WiFi,G.Skill Ripjaws V 32GB DDR4,Seagate Barracuda 2TB HDD,MSI MAG A650BN,1424.58,1103
AMD Ryzen 7 3800X,GeForce RTX 3070,MSI B550M PRO-VDH WiFi,G.Skill Ripjaws V 32GB DDR4,Seagate Barracuda 2TB HDD,Corsair CV550,1374.58,933
AMD Ryzen 7 3800X,GeForce GTX 1080 Ti,MSI B550M PRO-VDH WiFi,G.Skill Ripjaws V 32GB DDR4,Seagate Barracuda 2TB HDD,Corsair CV550,1258.74,963
AMD Ryzen 7 3800X,GeForce RTX 2070 SUPER,MSI B550M PRO-VDH WiFi,G.Skill Ripjaws V 32GB DDR4,Seagate Barracuda 2TB HDD,Corsair CV550,1268.3899999999999,928
AMD Ryzen 7 3800X,GeForce RTX 2080,MSI B550M PRO-VDH WiFi,G.Skill Ripjaws V 32GB DDR4,Seagate Barracuda 2TB HDD,Corsair CV550,1287.62,963
AMD Ryzen 7 3800X,GeForce RTX 2080 SUPER,MSI B550M PRO-VDH WiFi,G.Skill Ripjaws V 32GB DDR4,Seagate Barracuda 2TB HDD,Corsair CV550,1338.58,963
AMD Ryzen 7 3800X,Radeon RX 6700 XT,MSI B550M PRO-VDH WiFi,G.Skill Ripjaws V 32GB DDR4,Crucial P3 Plus 2TB NVMe SSD,Corsair CV550,1274.58,942
AMD Ryzen 7 3800X,GeForce RTX 3060 Ti,MSI B550M PRO-VDH WiFi,G.Skill Ripjaws V 32GB DDR4,Crucial P3 Plus 2TB NVMe SSD,Corsair CV550,1344.58,912
AMD Ryzen 7 3800X,GeForce RTX 2060 SUPER,MSI B550M PRO-VDH WiFi,G.Skill Ripjaws V 32GB DDR4,Crucial P3 Plus 2TB NVMe SSD,Corsair CV550,1273.48,887
AMD Ryzen 7 3800X,GeForce RTX 3070,MSI B550M PRO-VDH WiFi,G.Skill Ripjaws V 32GB DDR4,Crucial P3 Plus 2TB NVMe SSD,Corsair CV550,1464.58,932
AMD Ryzen 7 3800X,GeForce GTX 1080 Ti,MSI B550M PRO-VDH WiFi,G.Skill Ripjaws V 32GB DDR4,Crucial P3 Plus 2TB NVMe SSD,Corsair CV550,1348.74,962
AMD Ryzen 7 3800X,GeForce RTX 2070 SUPER,MSI B550M PRO-VDH WiFi,G.Skill Ripjaws V 32GB DDR4,Crucial P3 Plus 2TB NVMe SSD,Corsair CV550,1358.3899999999999,927
AMD Ryzen 7 3800X,GeForce RTX 2080,MSI B550M PRO-VDH WiFi,G.Skill Ripjaws V 32GB DDR4,Crucial P3 Plus 2TB NVMe SSD,Corsair CV550,1377.62,962
AMD Ryzen 7 3800X,GeForce RTX 2080 SUPER,MSI B550M PRO-VDH WiFi,G.Skill Ripjaws V 32GB DDR4,Crucial P3 Plus 2TB NVMe SSD,Corsair CV550,1428.58,962
AMD Ryzen 7 1700X,Radeon RX 6700 XT,MSI B550M PRO-VDH WiFi,Kingston Fury Beast 64GB DDR4,WD Blue 4TB HDD,Corsair CV550,1244.05,939
AMD Ryzen 7 1700X,GeForce RTX 3060 Ti,MSI B550M PRO-VDH WiFi,Kingston Fury Beast 64GB DDR4,WD Blue 4TB HDD,Corsair CV550,1314.05,909
AMD Ryzen 7 1700X,GeForce RTX 2060 SUPER,MSI B550M PRO-VDH WiFi,Kingston Fury Beast 64GB DDR4,WD Blue 4TB HDD,Corsair CV550,1242.95,884
AMD Ryzen 7 1700X,GeForce RTX 3070 Ti,MSI B550M PRO-VDH WiFi,Kingston Fury Beast 64GB DDR4,WD Blue 4TB HDD,MSI MAG A650BN,1484.05,1099
AMD Ryzen 7 1700X,GeForce RTX 3070,MSI B550M PRO-VDH WiFi,Kingston Fury Beast 64GB DDR4,WD Blue 4TB HDD,Corsair CV550,1434.05,929
AMD Ryzen 7 1700X,GeForce GTX 1080 Ti,MSI B550M PRO-VDH WiFi,Kingston Fury Beast 64GB DDR4,WD Blue 4TB HDD,Corsair CV550,1318.21,959
AMD Ryzen 7 1700X,GeForce RTX 2070 SUPER,MSI B550M PRO-VDH WiFi,Kingston Fury Beast 64GB DDR4,WD Blue 4TB HDD,Corsair CV550,1327.86,924
AMD Ryzen 7 1700X,GeForce RTX 2080,MSI B550M PRO-VDH WiFi,Kingston Fury Beast 64GB DDR4,WD Blue 4TB HDD,Corsair CV550,1347.09,959
AMD Ryzen 7 1700X,GeForce RTX 2080 SUPER,MSI B550M PRO-VDH WiFi,Kingston Fury Beast 64GB DDR4,WD Blue 4TB HDD,Corsair CV550,1398.05,959
AMD Ryzen 7 1700X,GeForce RTX 3060 Ti,MSI B550M PRO-VDH WiFi,Kingston Fury Beast 64GB DDR4,Seagate Barracuda 2TB HDD,Corsair CV550,1264.05,908
AMD Ryzen 7 1700X,GeForce RTX 3070 Ti,MSI B550M PRO-VDH WiFi,Kingston Fury Beast 64GB DDR4,Seagate Barracuda 2TB HDD,MSI MAG A650BN,1434.05,1098
AMD Ryzen 7 1700X,GeForce RTX 3070,MSI B550M PRO-VDH WiFi,Kingston Fury Beast 64GB DDR4,Seagate Barracuda 2TB HDD,Corsair CV550,1384.05,928
AMD Ryzen 7 1700X,GeForce GTX 1080 Ti,MSI B550M PRO-VDH WiFi,Kingston Fury Beast 64GB DDR4,Seagate Barracuda 2TB HDD,Corsair CV550,1268.21,958
AMD Ryzen 7 1700X,GeForce RTX 2070 SUPER,MSI B550M PRO-VDH WiFi,Kingston Fury Beast 64GB DDR4,Seagate Barracuda 2TB HDD,Corsair CV550,1277.86,923
AMD Ryzen 7 1700X,GeForce RTX 2080,MSI B550M PRO-VDH WiFi,Kingston Fury Beast 64GB DDR4,Seagate Barracuda 2TB HDD,Corsair CV550,1297.09,958
AMD Ryzen 7 1700X,GeForce RTX 2080 SUPER,MSI B550M PRO-VDH WiFi,Kingston Fury Beast 64GB DDR4,Seagate Barracuda 2TB HDD,Corsair CV550,1348.05,958
AMD Ryzen 7 1700X,Radeon RX 6700 XT,MSI B550M PRO-VDH WiFi,Kingston Fury Beast 64GB DDR4,Crucial P3 Plus 2TB NVMe SSD,Corsair CV550,1284.05,937
AMD Ryzen 7 1700X,GeForce RTX 3060 Ti,MSI B550M PRO-VDH WiFi,Kingston Fury Beast 64GB DDR4,Crucial P3 Plus 2TB NVMe SSD,Corsair CV550,1354.05,907
AMD Ryzen 7 1700X,GeForce RTX 2060 SUPER,MSI B550M PRO-VDH WiFi,Kingston Fury Beast 64GB DDR4,Crucial P3 Plus 2TB NVMe SSD,Corsair CV550,1282.95,882
AMD Ryzen 7 1700X,GeForce RTX 3070,MSI B550M PRO-VDH WiFi,Kingston Fury Beast 64GB DDR4,Crucial P3 Plus 2TB NVMe SSD,Corsair CV550,1474.05,927
AMD Ryzen 7 1700X,GeForce GTX 1080 Ti,MSI B550M PRO-VDH WiFi,Kingston Fury Beast 64GB DDR4,Crucial P3 Plus 2TB NVMe SSD,Corsair CV550,1358.21,957
AMD Ryzen 7 1700X,GeForce RTX 2070 SUPER,MSI B550M PRO-VDH WiFi,Kingston Fury Beast 64GB DDR4,Crucial P3 Plus 2TB NVMe SSD,Corsair CV550,1367.86,922
AMD Ryzen 7 1700X,GeForce RTX 2080,MSI B550M PRO-VDH WiFi,Kingston Fury Beast 64GB DDR4,Crucial P3 Plus 2TB NVMe SSD,Corsair CV550,1387.09,957
AMD Ryzen 7 1700X,GeForce RTX 2080 SUPER,MSI B550M PRO-VDH WiFi,Kingston Fury Beast 64GB DDR4,Crucial P3 Plus 2TB NVMe SSD,Corsair CV550,1438.05,957
AMD Ryzen 7 1700X,GeForce RTX 3060 Ti,MSI B550M PRO-VDH WiFi,Corsair Vengeance LPX 32GB DDR4,WD Blue 4TB HDD,Corsair CV550,1220.05,904
AMD Ryzen 7 1700X,GeForce RTX 3070 Ti,MSI B550M PRO-VDH WiFi,Corsair Vengeance LPX 32GB DDR4,WD Blue 4TB HDD,MSI MAG A650BN,1390.05,1094
AMD Ryzen 7 1700X,GeForce RTX 3070,MSI B550M PRO-VDH WiFi,Corsair Vengeance LPX 32GB DDR4,WD Blue 4TB HDD,Corsair CV550,1340.05,924
AMD Ryzen 7 1700X,GeForce GTX 1080 Ti,MSI B550M PRO-VDH WiFi,Corsair Vengeance LPX 32GB DDR4,WD Blue 4TB HDD,Corsair CV550,1224.21,954
AMD Ryzen 7 1700X,GeForce RTX 2070 SUPER,MSI B550M PRO-VDH WiFi,Corsair Vengeance LPX 32GB DDR4,WD Blue 4TB HDD,Corsair CV550,1233.86,919
AMD Ryzen 7 1700X,GeForce RTX 2080,MSI B550M PRO-VDH WiFi,Corsair Vengeance LPX 32GB DDR4,WD Blue 4TB HDD,Corsair CV550,1253.09,954
AMD Ryzen 7 1700X,GeForce RTX 2080 SUPER,MSI B550M PRO-VDH WiFi,Corsair Vengeance LPX 32GB DDR4,WD Blue 4TB HDD,Corsair CV550,1304.05,954
AMD Ryzen 7 1700X,GeForce RTX 3070 Ti,MSI B550M PRO-VDH WiFi,Corsair Vengeance LPX 32GB DDR4,Seagate Barracuda 2TB HDD,MSI MAG A650BN,1340.05,1093
AMD Ryzen 7 1700X,GeForce RTX 3070,MSI B550M PRO-VDH WiFi,Corsair Vengeance LPX 32GB DDR4,Seagate Barracuda 2TB HDD,Corsair CV550,1290.05,923
AMD Ryzen 7 1700X,GeForce RTX 2080,MSI B550M PRO-VDH WiFi,Corsair Vengeance LPX 32GB DDR4,Seagate Barracuda 2TB HDD,Corsair CV550,1203.09,953
AMD Ryzen 7 1700X,GeForce RTX 2080 SUPER,MSI B550M PRO-VDH WiFi,Corsair Vengeance LPX 32GB DDR4,Seagate Barracuda 2TB HDD,Corsair CV550,1254.05,953
AMD Ryzen 7 1700X,GeForce RTX 3060 Ti,MSI B550M PRO-VDH WiFi,Corsair Vengeance LPX 32GB DDR4,Crucial P3 Plus 2TB NVMe SSD,Corsair CV550,1260.05,902
AMD Ryzen 7 1700X,GeForce RTX 3070 Ti,MSI B550M PRO-VDH WiFi,Corsair Vengeance LPX 32GB DDR4,Crucial P3 Plus 2TB NVMe SSD,MSI MAG A650BN,1430.05,1092
AMD Ryzen 7 1700X,GeForce RTX 3070,MSI B550M PRO-VDH WiFi,Corsair Vengeance LPX 32GB DDR4,Crucial P3 Plus 2TB NVMe SSD,Corsair CV550,1380.05,922
AMD Ryzen 7 1700X,GeForce GTX 1080 Ti,MSI B550M PRO-VDH WiFi,Corsair Vengeance LPX 32GB DDR4,Crucial P3 Plus 2TB NVMe SSD,Corsair CV550,1264.21,952
AMD Ryzen 7 1700X,GeForce RTX 2070 SUPER,MSI B550M PRO-VDH WiFi,Corsair Vengeance LPX 32GB DDR4,Crucial P3 Plus 2TB NVMe SSD,Corsair CV550,1273.86,917
AMD Ryzen 7 1700X,GeForce RTX 2080,MSI B550M PRO-VDH WiFi,Corsair Vengeance LPX 32GB DDR4,Crucial P3 Plus 2TB NVMe SSD,Corsair CV550,1293.09,952
AMD Ryzen 7 1700X,GeForce RTX 2080 SUPER,MSI B550M PRO-VDH WiFi,Corsair Vengeance LPX 32GB DDR4,Crucial P3 Plus 2TB NVMe SSD,Corsair CV550,1344.05,952
AMD Ryzen 7 1700X,GeForce RTX 3060 Ti,MSI B550M PRO-VDH WiFi,G.Skill Ripjaws V 32GB DDR4,WD Blue 4TB HDD,Corsair CV550,1224.05,904
AMD Ryzen 7 1700X,GeForce RTX 3070 Ti,MSI B550M PRO-VDH WiFi,G.Skill Ripjaws V 32GB DDR4,WD Blue 4TB HDD,MSI MAG A650BN,1394.05,1094
AMD Ryzen 7 1700X,GeForce RTX 3070,MSI B550M PRO-VDH WiFi,G.Skill Ripjaws V 32GB DDR4,WD Blue 4TB HDD,Corsair CV550,1344.05,924
AMD Ryzen 7 1700X,GeForce GTX 1080 Ti,MSI B550M PRO-VDH WiFi,G.Skill Ripjaws V 32GB DDR4,WD Blue 4TB HDD,Corsair CV550,1228.21,954
AMD Ryzen 7 1700X,GeForce RTX 2070 SUPER,MSI B550M PRO-VDH WiFi,G.Skill Ripjaws V 32GB DDR4,WD Blue 4TB HDD,Corsair CV550,1237.86,919
AMD Ryzen 7 1700X,GeForce RTX 2080,MSI B550M PRO-VDH WiFi,G.Skill Ripjaws V 32GB DDR4,WD Blue 4TB HDD,Corsair CV550,1257.09,954
AMD Ryzen 7 1700X,GeForce RTX 2080 SUPER,MSI B550M PRO-VDH WiFi,G.Skill Ripjaws V 32GB DDR4,WD Blue 4TB HDD,Corsair CV550,1308.05,954
AMD Ryzen 7 1700X,GeForce RTX 3070 Ti,MSI B550M PRO-VDH WiFi,G.Skill Ripjaws V 32GB DDR4,Seagate Barracuda 2TB HDD,MSI MAG A650BN,1344.05,1093
AMD Ryzen 7 1700X,GeForce RTX 3070,MSI B550M PRO-VDH WiFi,G.Skill Ripjaws V 32GB DDR4,Seagate Barracuda 2TB HDD,Corsair CV550,1294.05,923
AMD Ryzen 7 1700X,GeForce RTX 2080,MSI B550M PRO-VDH WiFi,G.Skill Ripjaws V 32GB DDR4,Seagate Barracuda 2TB HDD,Corsair CV550,1207.09,953
AMD Ryzen 7 1700X,GeForce RTX 2080 SUPER,MSI B550M PRO-VDH WiFi,G.Skill Ripjaws V 32GB DDR4,Seagate Barracuda 2TB HDD,Corsair CV550,1258.05,953
AMD Ryzen 7 1700X,GeForce RTX 3060 Ti,MSI B550M PRO-VDH WiFi,G.Skill Ripjaws V 32GB DDR4,Crucial P3 Plus 2TB NVMe SSD,Corsair CV550,1264.05,902
AMD Ryzen 7 1700X,GeForce RTX 3070 Ti,MSI B550M PRO-VDH WiFi,G.Skill Ripjaws V 32GB DDR4,Crucial P3 Plus 2TB NVMe SSD,MSI MAG A650BN,1434.05,1092
AMD Ryzen 7 1700X,GeForce RTX 3070,MSI B550M PRO-VDH WiFi,G.Skill Ripjaws V 32GB DDR4,Crucial P3 Plus 2TB NVMe SSD,Corsair CV550,1384.05,922
AMD Ryzen 7 1700X,GeForce GTX 1080 Ti,MSI B550M PRO-VDH WiFi,G.Skill Ripjaws V 32GB DDR4,Crucial P3 Plus 2TB NVMe SSD,Corsair CV550,1268.21,952
AMD Ryzen 7 1700X,GeForce RTX 2070 SUPER,MSI B550M PRO-VDH WiFi,G.Skill Ripjaws V 32GB DDR4,Crucial P3 Plus 2TB NVMe SSD,Corsair CV550,1277.86,917
AMD Ryzen 7 1700X,GeForce RTX 2080,MSI B550M PRO-VDH WiFi,G.Skill Ripjaws V 32GB DDR4,Crucial P3 Plus 2TB NVMe SSD,Corsair CV550,1297.09,952
AMD Ryzen 7 1700X,GeForce RTX 2080 SUPER,MSI B550M PRO-VDH WiFi,G.Skill Ripjaws V 32GB DDR4,Crucial P3 Plus 2TB NVMe SSD,Corsair CV550,1348.05,952
AMD Ryzen 7 1800X,Radeon RX 6700 XT,MSI B550M PRO-VDH WiFi,Kingston Fury Beast 64GB DDR4,WD Blue 4TB HDD,Corsair CV550,1254.02,939
AMD Ryzen 7 1800X,GeForce RTX 3060 Ti,MSI B550M PRO-VDH WiFi,Kingston Fury Beast 64GB DDR4,WD Blue 4TB HDD,Corsair CV550,1324.02,909
AMD Ryzen 7 1800X,GeForce RTX 2060 SUPER,MSI B550M PRO-VDH WiFi,Kingston Fury Beast 64GB DDR4,WD Blue 4TB HDD,Corsair CV550,1252.92,884
AMD Ryzen 7 1800X,GeForce RTX 3070 Ti,MSI B550M PRO-VDH WiFi,Kingston Fury Beast 64GB DDR4,WD Blue 4TB HDD,MSI MAG A650BN,1494.02,1099
AMD Ryzen 7 1800X,GeForce RTX 3070,MSI B550M PRO-VDH WiFi,Kingston Fury Beast 64GB DDR4,WD Blue 4TB HDD,Corsair CV550,1444.02,929
AMD Ryzen 7 1800X,GeForce GTX 1080 Ti,MSI B550M PRO-VDH WiFi,Kingston Fury Beast 64GB DDR4,WD Blue 4TB HDD,Corsair CV550,1328.18,959
AMD Ryzen 7 1800X,GeForce RTX 2070 SUPER,MSI B550M PRO-VDH WiFi,Kingston Fury Beast 64GB DDR4,WD Blue 4TB HDD,Corsair CV550,1337.83,924
AMD Ryzen 7 1800X,GeForce RTX 2080,MSI B550M PRO-VDH WiFi,Kingston Fury Beast 64GB DDR4,WD Blue 4TB HDD,Corsair CV550,1357.06,959
AMD Ryzen 7 1800X,GeForce RTX 2080 SUPER,MSI B550M PRO-VDH WiFi,Kingston Fury Beast 64GB DDR4,WD Blue 4TB HDD,Corsair CV550,1408.02,959
AMD Ryzen 7 1800X,Radeon RX 6700 XT,MSI B550M PRO-VDH WiFi,Kingston Fury Beast 64GB DDR4,Seagate Barracuda 2TB HDD,Corsair CV550,1204.02,938
AMD Ryzen 7 1800X,GeForce RTX 3060 Ti,MSI B550M PRO-VDH WiFi,Kingston Fury Beast 64GB DDR4,Seagate Barracuda 2TB HDD,Corsair CV550,1274.02,908
AMD Ryzen 7 1800X,GeForce RTX 2060 SUPER,MSI B550M PRO-VDH WiFi,Kingston Fury Beast 64GB DDR4,Seagate Barracuda 2TB HDD,Corsair CV550,1202.92,883
AMD Ryzen 7 1800X,GeForce RTX 3070 Ti,MSI B550M PRO-VDH WiFi,Kingston Fury Beast 64GB DDR4,Seagate Barracuda 2TB HDD,MSI MAG A650BN,1444.02,1098
AMD Ryzen 7 1800X,GeForce RTX 3070,MSI B550M PRO-VDH WiFi,Kingston Fury Beast 64GB DDR4,Seagate Barracuda 2TB HDD,Corsair CV550,1394.02,928
AMD Ryzen 7 1800X,GeForce GTX 1080 Ti,MSI B550M PRO-VDH WiFi,Kingston Fury Beast 64GB DDR4,Seagate Barracuda 2TB HDD,Corsair CV550,1278.18,958
AMD Ryzen 7 1800X,GeForce RTX 2070 SUPER,MSI B550M PRO-VDH WiFi,Kingston Fury Beast 64GB DDR4,Seagate Barracuda 2TB HDD,Corsair CV550,1287.83,923
AMD Ryzen 7 1800X,GeForce RTX 2080,MSI B550M PRO-VDH WiFi,Kingston Fury Beast 64GB DDR4,Seagate Barracuda 2TB HDD,Corsair CV550,1307.06,958
AMD Ryzen 7 1800X,GeForce RTX 2080 SUPER,MSI B550M PRO-VDH WiFi,Kingston Fury Beast 64GB DDR4,Seagate Barracuda 2TB HDD,Corsair CV550,1358.02,958
AMD Ryzen 7 1800X,Radeon RX 6700 XT,MSI B550M PRO-VDH WiFi,Kingston Fury Beast 64GB DDR4,Crucial P3 Plus 2TB NVMe SSD,Corsair CV550,1294.02,937
AMD Ryzen 7 1800X,GeForce GTX 1080,MSI B550M PRO-VDH WiFi,Kingston Fury Beast 64GB DDR4,Crucial P3 Plus 2TB NVMe SSD,Corsair CV550,1206.82,887
AMD Ryzen 7 1800X,GeForce RTX 3060 Ti,MSI B550M PRO-VDH WiFi,Kingston Fury Beast 64GB DDR4,Crucial P3 Plus 2TB NVMe SSD,Corsair CV550,1364.02,907
AMD Ryzen 7 1800X,GeForce RTX 2060 SUPER,MSI B550M PRO-VDH WiFi,Kingston Fury Beast 64GB DDR4,Crucial P3 Plus 2TB NVMe SSD,Corsair CV550,1292.92,882
AMD Ryzen 7 1800X,GeForce RTX 3070,MSI B550M PRO-VDH WiFi,Kingston Fury Beast 64GB DDR4,Crucial P3 Plus 2TB NVMe SSD,Corsair CV550,1484.02,927
AMD Ryzen 7 1800X,GeForce GTX 1080 Ti,MSI B550M PRO-VDH WiFi,Kingston Fury Beast 64GB DDR4,Crucial P3 Plus 2TB NVMe SSD,Corsair CV550,1368.18,957
AMD Ryzen 7 1800X,GeForce RTX 2070 SUPER,MSI B550M PRO-VDH WiFi,Kingston Fury Beast 64GB DDR4,Crucial P3 Plus 2TB NVMe SSD,Corsair CV550,1377.83,922
AMD Ryzen 7 1800X,GeForce RTX 2080,MSI B550M PRO-VDH WiFi,Kingston Fury Beast 64GB DDR4,Crucial P3 Plus 2TB NVMe SSD,Corsair CV550,1397.06,957
AMD Ryzen 7 1800X,GeForce RTX 2080 SUPER,MSI B550M PRO-VDH WiFi,Kingston Fury Beast 64GB DDR4,Crucial P3 Plus 2TB NVMe SSD,Corsair CV550,1448.02,957
AMD Ryzen 7 1800X,GeForce RTX 3060 Ti,MSI B550M PRO-VDH WiFi,Corsair Vengeance LPX 32GB DDR4,WD Blue 4TB HDD,Corsair CV550,1230.02,904
AMD Ryzen 7 1800X,GeForce RTX 3070 Ti,MSI B550M PRO-VDH WiFi,Corsair Vengeance LPX 32GB DDR4,WD Blue 4TB HDD,MSI MAG A650BN,1400.02,1094
AMD Ryzen 7 1800X,GeForce RTX 3070,MSI B550M PRO-VDH WiFi,Corsair Vengeance LPX 32GB DDR4,WD Blue 4TB HDD,Corsair CV550,1350.02,924
AMD Ryzen 7 1800X,GeForce GTX 1080 Ti,MSI B550M PRO-VDH WiFi,Corsair Vengeance LPX 32GB DDR4,WD Blue 4TB HDD,Corsair CV550,1234.18,954
AMD Ryzen 7 1800X,GeForce RTX 2070 SUPER,MSI B550M PRO-VDH WiFi,Corsair Vengeance LPX 32GB DDR4,WD Blue 4TB HDD,Corsair CV550,1243.83,919
AMD Ryzen 7 1800X,GeForce RTX 2080,MSI B550M PRO-VDH WiFi,Corsair Vengeance LPX 32GB DDR4,WD Blue 4TB HDD,Corsair CV550,1263.06,954
AMD Ryzen 7 1800X,GeForce RTX 2080 SUPER,MSI B550M PRO-VDH WiFi,Corsair Vengeance LPX 32GB DDR4,WD Blue 4TB HDD,Corsair CV550,1314.02,954
AMD Ryzen 7 1800X,GeForce RTX 3070 Ti,MSI B550M PRO-VDH WiFi,Corsair Vengeance LPX 32GB DDR4,Seagate Barracuda 2TB HDD,MSI MAG A650BN,1350.02,1093
AMD Ryzen 7 1800X,GeForce RTX 3070,MSI B550M PRO-VDH WiFi,Corsair Vengeance LPX 32GB DDR4,Seagate Barracuda 2TB HDD,Corsair CV550,1300.02,923
AMD Ryzen 7 1800X,GeForce RTX 2080,MSI B550M PRO-VDH WiFi,Corsair Vengeance LPX 32GB DDR4,Seagate Barracuda 2TB HDD,Corsair CV550,1213.06,953
AMD Ryzen 7 1800X,GeForce RTX 2080 SUPER,MSI B550M PRO-VDH WiFi,Corsair Vengeance LPX 32GB DDR4,Seagate Barracuda 2TB HDD,Corsair CV550,1264.02,953
AMD Ryzen 7 1800X,Radeon RX 6700 XT,MSI B550M PRO-VDH WiFi,Corsair Vengeance LPX 32GB DDR4,Crucial P3 Plus 2TB NVMe SSD,Corsair CV550,1200.02,932
AMD Ryzen 7 1800X,GeForce RTX 3060 Ti,MSI B550M PRO-VDH WiFi,Corsair Vengeance LPX 32GB DDR4,Crucial P3 Plus 2TB NVMe SSD,Corsair CV550,1270.02,902
AMD Ryzen 7 1800X,GeForce RTX 3070 Ti,MSI B550M PRO-VDH WiFi,Corsair Vengeance LPX 32GB DDR4,Crucial P3 Plus 2TB NVMe SSD,MSI MAG A650BN,1440.02,1092
AMD Ryzen 7 1800X,GeForce RTX 3070,MSI B550M PRO-VDH WiFi,Corsair Vengeance LPX 32GB DDR4,Crucial P3 Plus 2TB NVMe SSD,Corsair CV550,1390.02,922
AMD Ryzen 7 1800X,GeForce GTX 1080 Ti,MSI B550M PRO-VDH WiFi,Corsair Vengeance LPX 32GB DDR4,Crucial P3 Plus 2TB NVMe SSD,Corsair CV550,1274.18,952
AMD Ryzen 7 1800X,GeForce RTX 2070 SUPER,MSI B550M PRO-VDH WiFi,Corsair Vengeance LPX 32GB DDR4,Crucial P3 Plus 2TB NVMe SSD,Corsair CV550,1283.83,917
AMD Ryzen 7 1800X,GeForce RTX 2080,MSI B550M PRO-VDH WiFi,Corsair Vengeance LPX 32GB DDR4,Crucial P3 Plus 2TB NVMe SSD,Corsair CV550,1303.06,952
AMD Ryzen 7 1800X,GeForce RTX 2080 SUPER,MSI B550M PRO-VDH WiFi,Corsair Vengeance LPX 32GB DDR4,Crucial P3 Plus 2TB NVMe SSD,Corsair CV550,1354.02,952
AMD Ryzen 7 1800X,GeForce RTX 3060 Ti,MSI B550M PRO-VDH WiFi,G.Skill Ripjaws V 32GB DDR4,WD Blue 4TB HDD,Corsair CV550,1234.02,904
AMD Ryzen 7 1800X,GeForce RTX 3070 Ti,MSI B550M PRO-VDH WiFi,G.Skill Ripjaws V 32GB DDR4,WD Blue 4TB HDD,MSI MAG A650BN,1404.02,1094
AMD Ryzen 7 1800X,GeForce RTX 3070,MSI B550M PRO-VDH WiFi,G.Skill Ripjaws V 32GB DDR4,WD Blue 4TB HDD,Corsair CV550,1354.02,924
AMD Ryzen 7 1800X,GeForce GTX 1080 Ti,MSI B550M PRO-VDH WiFi,G.Skill Ripjaws V 32GB DDR4,WD Blue 4TB HDD,Corsair CV550,1238.18,954
AMD Ryzen 7 1800X,GeForce RTX 2070 SUPER,MSI B550M PRO-VDH WiFi,G.Skill Ripjaws V 32GB DDR4,WD Blue 4TB HDD,Corsair CV550,1247.83,919
AMD Ryzen 7 1800X,GeForce RTX 2080,MSI B550M PRO-VDH WiFi,G.Skill Ripjaws V 32GB DDR4,WD Blue 4TB HDD,Corsair CV550,1267.06,954
AMD Ryzen 7 1800X,GeForce RTX 2080 SUPER,MSI B550M PRO-VDH WiFi,G.Skill Ripjaws V 32GB DDR4,WD Blue 4TB HDD,Corsair CV550,1318.02,954
AMD Ryzen 7 1800X,GeForce RTX 3070 Ti,MSI B550M PRO-VDH WiFi,G.Skill Ripjaws V 32GB DDR4,Seagate Barracuda 2TB HDD,MSI MAG A650BN,1354.02,1093
AMD Ryzen 7 1800X,GeForce RTX 3070,MSI B550M PRO-VDH WiFi,G.Skill Ripjaws V 32GB DDR4,Seagate Barracuda 2TB HDD,Corsair CV550,1304.02,923
AMD Ryzen 7 1800X,GeForce RTX 2080,MSI B550M PRO-VDH WiFi,G.Skill Ripjaws V 32GB DDR4,Seagate Barracuda 2TB HDD,Corsair CV550,1217.06,953
AMD Ryzen 7 1800X,GeForce RTX 2080 SUPER,MSI B550M PRO-VDH WiFi,G.Skill Ripjaws V 32GB DDR4,Seagate Barracuda 2TB HDD,Corsair CV550,1268.02,953
AMD Ryzen 7 1800X,Radeon RX 6700 XT,MSI B550M PRO-VDH WiFi,G.Skill Ripjaws V 32GB DDR4,Crucial P3 Plus 2TB NVMe SSD,Corsair CV550,1204.02,932
AMD Ryzen 7 1800X,GeForce RTX 3060 Ti,MSI B550M PRO-VDH WiFi,G.Skill Ripjaws V 32GB DDR4,Crucial P3 Plus 2TB NVMe SSD,Corsair CV550,1274.02,902
AMD Ryzen 7 1800X,GeForce RTX 2060 SUPER,MSI B550M PRO-VDH WiFi,G.Skill Ripjaws V 32GB DDR4,Crucial P3 Plus 2TB NVMe SSD,Corsair CV550,1202.92,877
AMD Ryzen 7 1800X,GeForce RTX 3070 Ti,MSI B550M PRO-VDH WiFi,G.Skill Ripjaws V 32GB DDR4,Crucial P3 Plus 2TB NVMe SSD,MSI MAG A650BN,1444.02,1092
AMD Ryzen 7 1800X,GeForce RTX 3070,MSI B550M PRO-VDH WiFi,G.Skill Ripjaws V 32GB DDR4,Crucial P3 Plus 2TB NVMe SSD,Corsair CV550,1394.02,922
AMD Ryzen 7 1800X,GeForce GTX 1080 Ti,MSI B550M PRO-VDH WiFi,G.Skill Ripjaws V 32GB DDR4,Crucial P3 Plus 2TB NVMe SSD,Corsair CV550,1278.18,952
AMD Ryzen 7 1800X,GeForce RTX 2070 SUPER,MSI B550M PRO-VDH WiFi,G.Skill Ripjaws V 32GB DDR4,Crucial P3 Plus 2TB NVMe SSD,Corsair CV550,1287.83,917
AMD Ryzen 7 1800X,GeForce RTX 2080,MSI B550M PRO-VDH WiFi,G.Skill Ripjaws V 32GB DDR4,Crucial P3 Plus 2TB NVMe SSD,Corsair CV550,1307.06,952
AMD Ryzen 7 1800X,GeForce RTX 2080 SUPER,MSI B550M PRO-VDH WiFi,G.Skill Ripjaws V 32GB DDR4,Crucial P3 Plus 2TB NVMe SSD,Corsair CV550,1358.02,952
AMD Ryzen 9 3900X,GeForce RTX 3060,MSI B550M PRO-VDH WiFi,Kingston Fury Beast 64GB DDR4,WD Blue 4TB HDD,Corsair CV550,1234.0,889
AMD Ryzen 9 3900X,Radeon RX 6600 XT,MSI B550M PRO-VDH WiFi,Kingston Fury Beast 64GB DDR4,WD Blue 4TB HDD,Corsair CV550,1304.99,879
AMD Ryzen 9 3900X,GeForce GTX 1070,MSI B550M PRO-VDH WiFi,Kingston Fury Beast 64GB DDR4,WD Blue 4TB HDD,Corsair CV550,1247.55,869
AMD Ryzen 9 3900X,GeForce GTX 1660 SUPER,MSI B550M PRO-VDH WiFi,Kingston Fury Beast 64GB DDR4,WD Blue 4TB HDD,Corsair CV550,1234.99,844
AMD Ryzen 9 3900X,GeForce GTX 1070 Ti,MSI B550M PRO-VDH WiFi,Kingston Fury Beast 64GB DDR4,WD Blue 4TB HDD,Corsair CV550,1294.0,899
AMD Ryzen 9 3900X,Radeon RX 6700 XT,MSI B550M PRO-VDH WiFi,Kingston Fury Beast 64GB DDR4,WD Blue 4TB HDD,Corsair CV550,1434.99,949
AMD Ryzen 9 3900X,GeForce RTX 2060,MSI B550M PRO-VDH WiFi,Kingston Fury Beast 64GB DDR4,WD Blue 4TB HDD,Corsair CV550,1294.99,879
AMD Ryzen 9 3900X,GeForce GTX 1080,MSI B550M PRO-VDH WiFi,Kingston Fury Beast 64GB DDR4,WD Blue 4TB HDD,Corsair CV550,1347.79,899
AMD Ryzen 9 3900X,GeForce GTX 1660 Ti,MSI B550M PRO-VDH WiFi,Kingston Fury Beast 64GB DDR4,WD Blue 4TB HDD,Corsair CV550,1254.99,839
AMD Ryzen 9 3900X,GeForce GTX 1060 3GB,MSI B550M PRO-VDH WiFi,Kingston Fury Beast 64GB DDR4,WD Blue 4TB HDD,Corsair CV550,1210.0,839
AMD Ryzen 9 3900X,GeForce RTX 2060 SUPER,MSI B550M PRO-VDH WiFi,Kingston Fury Beast 64GB DDR4,WD Blue 4TB HDD,Corsair CV550,1433.8899999999999,894
AMD Ryzen 9 3900X,GeForce GTX 1660,MSI B550M PRO-VDH WiFi,Kingston Fury Beast 64GB DDR4,WD Blue 4TB HDD,Corsair CV550,1304.99,839
AMD Ryzen 9 3900X,GeForce GTX 780 Ti,MSI B550M PRO-VDH WiFi,Kingston Fury Beast 64GB DDR4,WD Blue 4TB HDD,Corsair CV550,1244.99,969
AMD Ryzen 9 3900X,Radeon R9 290X / 390X,MSI B550M PRO-VDH WiFi,Kingston Fury Beast 64GB DDR4,WD Blue 4TB HDD,MSI MAG A650BN,1244.99,1109
AMD Ryzen 9 3900X,Radeon RX 6600 XT,MSI B550M PRO-VDH WiFi,Kingston Fury Beast 64GB DDR4,Seagate Barracuda 2TB HDD,Corsair CV550,1254.99,878
AMD Ryzen 9 3900X,GeForce GTX 1070 Ti,MSI B550M PRO-VDH WiFi,Kingston Fury Beast 64GB DDR4,Seagate Barracuda 2TB HDD,Corsair CV550,1244.0,898
AMD Ryzen 9 3900X,Radeon RX 6700 XT,MSI B550M PRO-VDH WiFi,Kingston Fury Beast 64GB DDR4,Seagate Barracuda 2TB HDD,Corsair CV550,1384.99,948
AMD Ryzen 9 3900X,GeForce RTX 2060,MSI B550M PRO-VDH WiFi,Kingston Fury Beast 64GB DDR4,Seagate Barracuda 2TB HDD,Corsair CV550,1244.99,878
AMD Ryzen 9 3900X,GeForce GTX 1080,MSI B550M PRO-VDH WiFi,Kingston Fury Beast 64GB DDR4,Seagate Barracuda 2TB HDD,Corsair CV550,1297.79,898
AMD Ryzen 9 3900X,GeForce GTX 1660 Ti,MSI B550M PRO-VDH WiFi,Kingston Fury Beast 64GB DDR4,Seagate Barracuda 2TB HDD,Corsair CV550,1204.99,838
AMD Ryzen 9 3900X,GeForce RTX 3060 Ti,MSI B550M PRO-VDH WiFi,Kingston Fury Beast 64GB DDR4,Seagate Barracuda 2TB HDD,Corsair CV550,1454.99,918
AMD Ryzen 9 3900X,GeForce RTX 2060 SUPER,MSI B550M PRO-VDH WiFi,Kingston Fury Beast 64GB DDR4,Seagate Barracuda 2TB HDD,Corsair CV550,1383.8899999999999,893
AMD Ryzen 9 3900X,GeForce GTX 1080 Ti,MSI B550M PRO-VDH WiFi,Kingston Fury Beast 64GB DDR4,Seagate Barracuda 2TB HDD,Corsair CV550,1459.15,968
AMD Ryzen 9 3900X,GeForce RTX 2070 SUPER,MSI B550M PRO-VDH WiFi,Kingston Fury Beast 64GB DDR4,Seagate Barracuda 2TB HDD,Corsair CV550,1468.8,933
AMD Ryzen 9 3900X,GeForce RTX 2080,MSI B550M PRO-VDH WiFi,Kingston Fury Beast 64GB DDR4,Seagate Barracuda 2TB HDD,Corsair CV550,1488.03,968
AMD Ryzen 9 3900X,GeForce GTX 1660,MSI B550M PRO-VDH WiFi,Kingston Fury Beast 64GB DDR4,Seagate Barracuda 2TB HDD,Corsair CV550,1254.99,838
AMD Ryzen 9 3900X,GeForce RTX 3060,MSI B550M PRO-VDH WiFi,Kingston Fury Beast 64GB DDR4,Crucial P3 Plus 2TB NVMe SSD,Corsair CV550,1274.0,887
AMD Ryzen 9 3900X,Radeon RX 6600 XT,MSI B550M PRO-VDH WiFi,Kingston Fury Beast 64GB DDR4,Crucial P3 Plus 2TB NVMe SSD,Corsair CV550,1344.99,877
AMD Ryzen 9 3900X,GeForce GTX 1070,MSI B550M PRO-VDH WiFi,Kingston Fury Beast 64GB DDR4,Crucial P3 Plus 2TB NVMe SSD,Corsair CV550,1287.55,867
AMD Ryzen 9 3900X,GeForce GTX 1660 SUPER,MSI B550M PRO-VDH WiFi,Kingston Fury Beast 64GB DDR4,Crucial P3 Plus 2TB NVMe SSD,Corsair CV550,1274.99,842
AMD Ryzen 9 3900X,GeForce GTX 1070 Ti,MSI B550M PRO-VDH WiFi,Kingston Fury Beast 64GB DDR4,Crucial P3 Plus 2TB NVMe SSD,Corsair CV550,1334.0,897
AMD Ryzen 9 3900X,GeForce GTX 1060,MSI B550M PRO-VDH WiFi,Kingston Fury Beast 64GB DDR4,Crucial P3 Plus 2TB NVMe SSD,Corsair CV550,1224.99,837
AMD Ryzen 9 3900X,Radeon RX 6700 XT,MSI B550M PRO-VDH WiFi,Kingston Fury Beast 64GB DDR4,Crucial P3 Plus 2TB NVMe SSD,Corsair CV550,1474.99,947
AMD Ryzen 9 3900X,GeForce RTX 2060,MSI B550M PRO-VDH WiFi,Kingston Fury Beast 64GB DDR4,Crucial P3 Plus 2TB NVMe SSD,Corsair CV550,1334.99,877
AMD Ryzen 9 3900X,GeForce GTX 1080,MSI B550M PRO-VDH WiFi,Kingston Fury Beast 64GB DDR4,Crucial P3 Plus 2TB NVMe SSD,Corsair CV550,1387.79,897
AMD Ryzen 9 3900X,GeForce GTX 1660 Ti,MSI B550M PRO-VDH WiFi,Kingston Fury Beast 64GB DDR4,Crucial P3 Plus 2TB NVMe SSD,Corsair CV550,1294.99,837
AMD Ryzen 9 3900X,GeForce GTX 1060 3GB,MSI B550M PRO-VDH WiFi,Kingston Fury Beast 64GB DDR4,Crucial P3 Plus 2TB NVMe SSD,Corsair CV550,1250.0,837
AMD Ryzen 9 3900X,GeForce RTX 2060 SUPER,MSI B550M PRO-VDH WiFi,Kingston Fury Beast 64GB DDR4,Crucial P3 Plus 2TB NVMe SSD,Corsair CV550,1473.8899999999999,892
AMD Ryzen 9 3900X,GeForce GTX 1660,MSI B550M PRO-VDH WiFi,Kingston Fury Beast 64GB DDR4,Crucial P3 Plus 2TB NVMe SSD,Corsair CV550,1344.99,837
AMD Ryzen 9 3900X,GeForce GTX 780,MSI B550M PRO-VDH WiFi,Kingston Fury Beast 64GB DDR4,Crucial P3 Plus 2TB NVMe SSD,Corsair CV550,1224.99,967
AMD Ryzen 9 3900X,GeForce GTX 780 Ti,MSI B550M PRO-VDH WiFi,Kingston Fury Beast 64GB DDR4,Crucial P3 Plus 2TB NVMe SSD,Corsair CV550,1284.99,967
AMD Ryzen 9 3900X,Radeon R9 290X / 390X,MSI B550M PRO-VDH WiFi,Kingston Fury Beast 64GB DDR4,Crucial P3 Plus 2TB NVMe SSD,MSI MAG A650BN,1284.99,1107
AMD Ryzen 9 3900X,Radeon RX 6600 XT,MSI B550M PRO-VDH WiFi,Corsair Vengeance LPX 32GB DDR4,WD Blue 4TB HDD,Corsair CV550,1210.99,874
AMD Ryzen 9 3900X,GeForce GTX 1070 Ti,MSI B550M PRO-VDH WiFi,Corsair Vengeance LPX 32GB DDR4,WD Blue 4TB HDD,Corsair CV550,1200.0,894
AMD Ryzen 9 3900X,Radeon RX 6700 XT,MSI B550M PRO-VDH WiFi,Corsair Vengeance LPX 32GB DDR4,WD Blue 4TB HDD,Corsair CV550,1340.99,944
AMD Ryzen 9 3900X,GeForce RTX 2060,MSI B550M PRO-VDH WiFi,Corsair Vengeance LPX 32GB DDR4,WD Blue 4TB HDD,Corsair CV550,1200.99,874
AMD Ryzen 9 3900X,GeForce GTX 1080,MSI B550M PRO-VDH WiFi,Corsair Vengeance LPX 32GB DDR4,WD Blue 4TB HDD,Corsair CV550,1253.79,894
AMD Ryzen 9 3900X,GeForce RTX 3060 Ti,MSI B550M PRO-VDH WiFi,Corsair Vengeance LPX 32GB DDR4,WD Blue 4TB HDD,Corsair CV550,1410.99,914
AMD Ryzen 9 3900X,GeForce RTX 2060 SUPER,MSI B550M PRO-VDH WiFi,Corsair Vengeance LPX 32GB DDR4,WD Blue 4TB HDD,Corsair CV550,1339.8899999999999,889
AMD Ryzen 9 3900X,GeForce GTX 1080 Ti,MSI B550M PRO-VDH WiFi,Corsair Vengeance LPX 32GB DDR4,WD Blue 4TB HDD,Corsair CV550,1415.15,964
AMD Ryzen 9 3900X,GeForce RTX 2070 SUPER,MSI B550M PRO-VDH WiFi,Corsair Vengeance LPX 32GB DDR4,WD Blue 4TB HDD,Corsair CV550,1424.8,929
AMD Ryzen 9 3900X,GeForce RTX 2080,MSI B550M PRO-VDH WiFi,Corsair Vengeance LPX 32GB DDR4,WD Blue 4TB HDD,Corsair CV550,1444.03,964
AMD Ryzen 9 3900X,GeForce GTX 1660,MSI B550M PRO-VDH WiFi,Corsair Vengeance LPX 32GB DDR4,WD Blue 4TB HDD,Corsair CV550,1210.99,834
AMD Ryzen 9 3900X,GeForce RTX 2080 SUPER,MSI B550M PRO-VDH WiFi,Corsair Vengeance LPX 32GB DDR4,WD Blue 4TB HDD,Corsair CV550,1494.99,964
AMD Ryzen 9 3900X,Radeon RX 6700 XT,MSI B550M PRO-VDH WiFi,Corsair Vengeance LPX 32GB DDR4,Seagate Barracuda 2TB HDD,Corsair CV550,1290.99,943
AMD Ryzen 9 3900X,GeForce GTX 1080,MSI B550M PRO-VDH WiFi,Corsair Vengeance LPX 32GB DDR4,Seagate Barracuda 2TB HDD,Corsair CV550,1203.79,893
AMD Ryzen 9 3900X,GeForce RTX 3060 Ti,MSI B550M PRO-VDH WiFi,Corsair Vengeance LPX 32GB DDR4,Seagate Barracuda 2TB HDD,Corsair CV550,1360.99,913
AMD Ryzen 9 3900X,GeForce RTX 2060 SUPER,MSI B550M PRO-VDH WiFi,Corsair Vengeance LPX 32GB DDR4,Seagate Barracuda 2TB HDD,Corsair CV550,1289.8899999999999,888
AMD Ryzen 9 3900X,GeForce RTX 3070,MSI B550M PRO-VDH WiFi,Corsair Vengeance LPX 32GB DDR4,Seagate Barracuda 2TB HDD,Corsair CV550,1480.99,933
AMD Ryzen 9 3900X,GeForce GTX 1080 Ti,MSI B550M PRO-VDH WiFi,Corsair Vengeance LPX 32GB DDR4,Seagate Barracuda 2TB HDD,Corsair CV550,1365.15,963
AMD Ryzen 9 3900X,GeForce RTX 2070 SUPER,MSI B550M PRO-VDH WiFi,Corsair Vengeance LPX 32GB DDR4,Seagate Barracuda 2TB HDD,Corsair CV550,1374.8,928
AMD Ryzen 9 3900X,GeForce RTX 2080,MSI B550M PRO-VDH WiFi,Corsair Vengeance LPX 32GB DDR4,Seagate Barracuda 2TB HDD,Corsair CV550,1394.03,963
AMD Ryzen 9 3900X,GeForce RTX 2080 SUPER,MSI B550M PRO-VDH WiFi,Corsair Vengeance LPX 32GB DDR4,Seagate Barracuda 2TB HDD,Corsair CV550,1444.99,963
AMD Ryzen 9 3900X,Radeon RX 6600 XT,MSI B550M PRO-VDH WiFi,Corsair Vengeance LPX 32GB DDR4,Crucial P3 Plus 2TB NVMe SSD,Corsair CV550,1250.99,872
AMD Ryzen 9 3900X,GeForce GTX 1070 Ti,MSI B550M PRO-VDH WiFi,Corsair Vengeance LPX 32GB DDR4,Crucial P3 Plus 2TB NVMe SSD,Corsair CV550,1240.0,892
AMD Ryzen 9 3900X,Radeon RX 6700 XT,MSI B550M PRO-VDH WiFi,Corsair Vengeance LPX 32GB DDR4,Crucial P3 Plus 2TB NVMe SSD,Corsair CV550,1380.99,942
AMD Ryzen 9 3900X,GeForce RTX 2060,MSI B550M PRO-VDH WiFi,Corsair Vengeance LPX 32GB DDR4,Crucial P3 Plus 2TB NVMe SSD,Corsair CV550,1240.99,872
AMD Ryzen 9 3900X,GeForce GTX 1080,MSI B550M PRO-VDH WiFi,Corsair Vengeance LPX 32GB DDR4,Crucial P3 Plus 2TB NVMe SSD,Corsair CV550,1293.79,892
AMD Ryzen 9 3900X,GeForce GTX 1660 Ti,MSI B550M PRO-VDH WiFi,Corsair Vengeance LPX 32GB DDR4,Crucial P3 Plus 2TB NVMe SSD,Corsair CV550,1200.99,832
AMD Ryzen 9 3900X,GeForce RTX 3060 Ti,MSI B550M PRO-VDH WiFi,Corsair Vengeance LPX 32GB DDR4,Crucial P3 Plus 2TB NVMe SSD,Corsair CV550,1450.99,912
AMD Ryzen 9 3900X,GeForce RTX 2060 SUPER,MSI B550M PRO-VDH WiFi,Corsair Vengeance LPX 32GB DDR4,Crucial P3 Plus 2TB NVMe SSD,Corsair CV550,1379.8899999999999,887
AMD Ryzen 9 3900X,GeForce GTX 1080 Ti,MSI B550M PRO-VDH WiFi,Corsair Vengeance LPX 32GB DDR4,Crucial P3 Plus 2TB NVMe SSD,Corsair CV550,1455.15,962
AMD Ryzen 9 3900X,GeForce RTX 2070 SUPER,MSI B550M PRO-VDH WiFi,Corsair Vengeance LPX 32GB DDR4,Crucial P3 Plus 2TB NVMe SSD,Corsair CV550,1464.8,927
AMD Ryzen 9 3900X,GeForce RTX 2080,MSI B550M PRO-VDH WiFi,Corsair Vengeance LPX 32GB DDR4,Crucial P3 Plus 2TB NVMe SSD,Corsair CV550,1484.03,962
AMD Ryzen 9 3900X,GeForce GTX 1660,MSI B550M PRO-VDH WiFi,Corsair Vengeance LPX 32GB DDR4,Crucial P3 Plus 2TB NVMe SSD,Corsair CV550,1250.99,832
AMD Ryzen 9 3900X,Radeon RX 6600 XT,MSI B550M PRO-VDH WiFi,G.Skill Ripjaws V 32GB DDR4,WD Blue 4TB HDD,Corsair CV550,1214.99,874
AMD Ryzen 9 3900X,GeForce GTX 1070 Ti,MSI B550M PRO-VDH WiFi,G.Skill Ripjaws V 32GB DDR4,WD Blue 4TB HDD,Corsair CV550,1204.0,894
AMD Ryzen 9 3900X,Radeon RX 6700 XT,MSI B550M PRO-VDH WiFi,G.Skill Ripjaws V 32GB DDR4,WD Blue 4TB HDD,Corsair CV550,1344.99,944
AMD Ryzen 9 3900X,GeForce RTX 2060,MSI B550M PRO-VDH WiFi,G.Skill Ripjaws V 32GB DDR4,WD Blue 4TB HDD,Corsair CV550,1204.99,874
AMD Ryzen 9 3900X,GeForce GTX 1080,MSI B550M PRO-VDH WiFi,G.Skill Ripjaws V 32GB DDR4,WD Blue 4TB HDD,Corsair CV550,1257.79,894
AMD Ryzen 9 3900X,GeForce RTX 3060 Ti,MSI B550M PRO-VDH WiFi,G.Skill Ripjaws V 32GB DDR4,WD Blue 4TB HDD,Corsair CV550,1414.99,914
AMD Ryzen 9 3900X,GeForce RTX 2060 SUPER,MSI B550M PRO-VDH WiFi,G.Skill Ripjaws V 32GB DDR4,WD Blue 4TB HDD,Corsair CV550,1343.8899999999999,889
AMD Ryzen 9 3900X,GeForce GTX 1080 Ti,MSI B550M PRO-VDH WiFi,G.Skill Ripjaws V 32GB DDR4,WD Blue 4TB HDD,Corsair CV550,1419.15,964
AMD Ryzen 9 3900X,GeForce RTX 2070 SUPER,MSI B550M PRO-VDH WiFi,G.Skill Ripjaws V 32GB DDR4,WD Blue 4TB HDD,Corsair CV550,1428.8,929
AMD Ryzen 9 3900X,GeForce RTX 2080,MSI B550M PRO-VDH WiFi,G.Skill Ripjaws V 32GB DDR4,WD Blue 4TB HDD,Corsair CV550,1448.03,964
AMD Ryzen 9 3900X,GeForce GTX 1660,MSI B550M PRO-VDH WiFi,G.Skill Ripjaws V 32GB DDR4,WD Blue 4TB HDD,Corsair CV550,1214.99,834
AMD Ryzen 9 3900X,GeForce RTX 2080 SUPER,MSI B550M PRO-VDH WiFi,G.Skill Ripjaws V 32GB DDR4,WD Blue 4TB HDD,Corsair CV550,1498.99,964
AMD Ryzen 9 3900X,Radeon RX 6700 XT,MSI B550M PRO-VDH WiFi,G.Skill Ripjaws V 32GB DDR4,Seagate Barracuda 2TB HDD,Corsair CV550,1294.99,943
AMD Ryzen 9 3900X,GeForce GTX 1080,MSI B550M PRO-VDH WiFi,G.Skill Ripjaws V 32GB DDR4,Seagate Barracuda 2TB HDD,Corsair CV550,1207.79,893
AMD Ryzen 9 3900X,GeForce RTX 3060 Ti,MSI B550M PRO-VDH WiFi,G.Skill Ripjaws V 32GB DDR4,Seagate Barracuda 2TB HDD,Corsair CV550,1364.99,913
AMD Ryzen 9 3900X,GeForce RTX 2060 SUPER,MSI B550M PRO-VDH WiFi,G.Skill Ripjaws V 32GB DDR4,Seagate Barracuda 2TB HDD,Corsair CV550,1293.8899999999999,888
AMD Ryzen 9 3900X,GeForce RTX 3070,MSI B550M PRO-VDH WiFi,G.Skill Ripjaws V 32GB DDR4,Seagate Barracuda 2TB HDD,Corsair CV550,1484.99,933
AMD Ryzen 9 3900X,GeForce GTX 1080 Ti,MSI B550M PRO-VDH WiFi,G.Skill Ripjaws V 32GB DDR4,Seagate Barracuda 2TB HDD,Corsair CV550,1369.15,963
AMD Ryzen 9 3900X,GeForce RTX 2070 SUPER,MSI B550M PRO-VDH WiFi,G.Skill Ripjaws V 32GB DDR4,Seagate Barracuda 2TB HDD,Corsair CV550,1378.8,928
AMD Ryzen 9 3900X,GeForce RTX 2080,MSI B550M PRO-VDH WiFi,G.Skill Ripjaws V 32GB DDR4,Seagate Barracuda 2TB HDD,Corsair CV550,1398.03,963
AMD Ryzen 9 3900X,GeForce RTX 2080 SUPER,MSI B550M PRO-VDH WiFi,G.Skill Ripjaws V 32GB DDR4,Seagate Barracuda 2TB HDD,Corsair CV550,1448.99,963
AMD Ryzen 9 3900X,Radeon RX 6600 XT,MSI B550M PRO-VDH WiFi,G.Skill Ripjaws V 32GB DDR4,Crucial P3 Plus 2TB NVMe SSD,Corsair CV550,1254.99,872
AMD Ryzen 9 3900X,GeForce GTX 1070 Ti,MSI B550M PRO-VDH WiFi,G.Skill Ripjaws V 32GB DDR4,Crucial P3 Plus 2TB NVMe SSD,Corsair CV550,1244.0,892
AMD Ryzen 9 3900X,Radeon RX 6700 XT,MSI B550M PRO-VDH WiFi,G.Skill Ripjaws V 32GB DDR4,Crucial P3 Plus 2TB NVMe SSD,Corsair CV550,1384.99,942
AMD Ryzen 9 3900X,GeForce RTX 2060,MSI B550M PRO-VDH WiFi,G.Skill Ripjaws V 32GB DDR4,Crucial P3 Plus 2TB NVMe SSD,Corsair CV550,1244.99,872
AMD Ryzen 9 3900X,GeForce GTX 1080,MSI B550M PRO-VDH WiFi,G.Skill Ripjaws V 32GB DDR4,Crucial P3 Plus 2TB NVMe SSD,Corsair CV550,1297.79,892
AMD Ryzen 9 3900X,GeForce GTX 1660 Ti,MSI B550M PRO-VDH WiFi,G.Skill Ripjaws V 32GB DDR4,Crucial P3 Plus 2TB NVMe SSD,Corsair CV550,1204.99,832
AMD Ryzen 9 3900X,GeForce RTX 3060 Ti,MSI B550M PRO-VDH WiFi,G.Skill Ripjaws V 32GB DDR4,Crucial P3 Plus 2TB NVMe SSD,Corsair CV550,1454.99,912
AMD Ryzen 9 3900X,GeForce RTX 2060 SUPER,MSI B550M PRO-VDH WiFi,G.Skill Ripjaws V 32GB DDR4,Crucial P3 Plus 2TB NVMe SSD,Corsair CV550,1383.8899999999999,887
AMD Ryzen 9 3900X,GeForce GTX 1080 Ti,MSI B550M PRO-VDH WiFi,G.Skill Ripjaws V 32GB DDR4,Crucial P3 Plus 2TB NVMe SSD,Corsair CV550,1459.15,962
AMD Ryzen 9 3900X,GeForce RTX 2070 SUPER,MSI B550M PRO-VDH WiFi,G.Skill Ripjaws V 32GB DDR4,Crucial P3 Plus 2TB NVMe SSD,Corsair CV550,1468.8,927
AMD Ryzen 9 3900X,GeForce RTX 2080,MSI B550M PRO-VDH WiFi,G.Skill Ripjaws V 32GB DDR4,Crucial P3 Plus 2TB NVMe SSD,Corsair CV550,1488.03,962
AMD Ryzen 9 3900X,GeForce GTX 1660,MSI B550M PRO-VDH WiFi,G.Skill Ripjaws V 32GB DDR4,Crucial P3 Plus 2TB NVMe SSD,Corsair CV550,1254.99,832
AMD Ryzen 5 2600X,Radeon RX 6700 XT,MSI B550M PRO-VDH WiFi,Kingston Fury Beast 64GB DDR4,WD Blue 4TB HDD,Corsair CV550,1230.38,939
AMD Ryzen 5 2600X,GeForce RTX 3060 Ti,MSI B550M PRO-VDH WiFi,Kingston Fury Beast 64GB DDR4,WD Blue 4TB HDD,Corsair CV550,1300.38,909
AMD Ryzen 5 2600X,GeForce RTX 2060 SUPER,MSI B550M PRO-VDH WiFi,Kingston Fury Beast 64GB DDR4,WD Blue 4TB HDD,Corsair CV550,1229.28,884
AMD Ryzen 5 2600X,GeForce RTX 3070 Ti,MSI B550M PRO-VDH WiFi,Kingston Fury Beast 64GB DDR4,WD Blue 4TB HDD,MSI MAG A650BN,1470.38,1099
AMD Ryzen 5 2600X,GeForce RTX 3070,MSI B550M PRO-VDH WiFi,Kingston Fury Beast 64GB DDR4,WD Blue 4TB HDD,Corsair CV550,1420.38,929
AMD Ryzen 5 2600X,GeForce GTX 1080 Ti,MSI B550M PRO-VDH WiFi,Kingston Fury Beast 64GB DDR4,WD Blue 4TB HDD,Corsair CV550,1304.54,959
AMD Ryzen 5 2600X,GeForce RTX 2070 SUPER,MSI B550M PRO-VDH WiFi,Kingston Fury Beast 64GB DDR4,WD Blue 4TB HDD,Corsair CV550,1314.19,924
AMD Ryzen 5 2600X,GeForce RTX 2080,MSI B550M PRO-VDH WiFi,Kingston Fury Beast 64GB DDR4,WD Blue 4TB HDD,Corsair CV550,1333.42,959
AMD Ryzen 5 2600X,GeForce RTX 2080 SUPER,MSI B550M PRO-VDH WiFi,Kingston Fury Beast 64GB DDR4,WD Blue 4TB HDD,Corsair CV550,1384.38,959
AMD Ryzen 5 2600X,GeForce RTX 3060 Ti,MSI B550M PRO-VDH WiFi,Kingston Fury Beast 64GB DDR4,Seagate Barracuda 2TB HDD,Corsair CV550,1250.38,908
AMD Ryzen 5 2600X,GeForce RTX 3070 Ti,MSI B550M PRO-VDH WiFi,Kingston Fury Beast 64GB DDR4,Seagate Barracuda 2TB HDD,MSI MAG A650BN,1420.38,1098
AMD Ryzen 5 2600X,GeForce RTX 3070,MSI B550M PRO-VDH WiFi,Kingston Fury Beast 64GB DDR4,Seagate Barracuda 2TB HDD,Corsair CV550,1370.38,928
AMD Ryzen 5 2600X,GeForce GTX 1080 Ti,MSI B550M PRO-VDH WiFi,Kingston Fury Beast 64GB DDR4,Seagate Barracuda 2TB HDD,Corsair CV550,1254.54,958
AMD Ryzen 5 2600X,GeForce RTX 2070 SUPER,MSI B550M PRO-VDH WiFi,Kingston Fury Beast 64GB DDR4,Seagate Barracuda 2TB HDD,Corsair CV550,1264.19,923
AMD Ryzen 5 2600X,GeForce RTX 2080,MSI B550M PRO-VDH WiFi,Kingston Fury Beast 64GB DDR4,Seagate Barracuda 2TB HDD,Corsair CV550,1283.42,958
AMD Ryzen 5 2600X,GeForce RTX 2080 SUPER,MSI B550M PRO-VDH WiFi,Kingston Fury Beast 64GB DDR4,Seagate Barracuda 2TB HDD,Corsair CV550,1334.38,958
AMD Ryzen 5 2600X,Radeon RX 6700 XT,MSI B550M PRO-VDH WiFi,Kingston Fury Beast 64GB DDR4,Crucial P3 Plus 2TB NVMe SSD,Corsair CV550,1270.38,937
AMD Ryzen 5 2600X,GeForce RTX 3060 Ti,MSI B550M PRO-VDH WiFi,Kingston Fury Beast 64GB DDR4,Crucial P3 Plus 2TB NVMe SSD,Corsair CV550,1340.38,907
AMD Ryzen 5 2600X,GeForce RTX 2060 SUPER,MSI B550M PRO-VDH WiFi,Kingston Fury Beast 64GB DDR4,Crucial P3 Plus 2TB NVMe SSD,Corsair CV550,1269.28,882
AMD Ryzen 5 2600X,GeForce RTX 3070,MSI B550M PRO-VDH WiFi,Kingston Fury Beast 64GB DDR4,Crucial P3 Plus 2TB NVMe SSD,Corsair CV550,1460.38,927
AMD Ryzen 5 2600X,GeForce GTX 1080 Ti,MSI B550M PRO-VDH WiFi,Kingston Fury Beast 64GB DDR4,Crucial P3 Plus 2TB NVMe SSD,Corsair CV550,1344.54,957
AMD Ryzen 5 2600X,GeForce RTX 2070 SUPER,MSI B550M PRO-VDH WiFi,Kingston Fury Beast 64GB DDR4,Crucial P3 Plus 2TB NVMe SSD,Corsair CV550,1354.19,922
AMD Ryzen 5 2600X,GeForce RTX 2080,MSI B550M PRO-VDH WiFi,Kingston Fury Beast 64GB DDR4,Crucial P3 Plus 2TB NVMe SSD,Corsair CV550,1373.42,957
AMD Ryzen 5 2600X,GeForce RTX 2080 SUPER,MSI B550M PRO-VDH WiFi,Kingston Fury Beast 64GB DDR4,Crucial P3 Plus 2TB NVMe SSD,Corsair CV550,1424.38,957
AMD Ryzen 5 2600X,GeForce RTX 3060 Ti,MSI B550M PRO-VDH WiFi,Corsair Vengeance LPX 32GB DDR4,WD Blue 4TB HDD,Corsair CV550,1206.38,904
AMD Ryzen 5 2600X,GeForce RTX 3070 Ti,MSI B550M PRO-VDH WiFi,Corsair Vengeance LPX 32GB DDR4,WD Blue 4TB HDD,MSI MAG A650BN,1376.38,1094
AMD Ryzen 5 2600X,GeForce RTX 3070,MSI B550M PRO-VDH WiFi,Corsair Vengeance LPX 32GB DDR4,WD Blue 4TB HDD,Corsair CV550,1326.38,924
AMD Ryzen 5 2600X,GeForce GTX 1080 Ti,MSI B550M PRO-VDH WiFi,Corsair Vengeance LPX 32GB DDR4,WD Blue 4TB HDD,Corsair CV550,1210.54,954
AMD Ryzen 5 2600X,GeForce RTX 2070 SUPER,MSI B550M PRO-VDH WiFi,Corsair Vengeance LPX 32GB DDR4,WD Blue 4TB HDD,Corsair CV550,1220.19,919
AMD Ryzen 5 2600X,GeForce RTX 2080,MSI B550M PRO-VDH WiFi,Corsair Vengeance LPX 32GB DDR4,WD Blue 4TB HDD,Corsair CV550,1239.42,954
AMD Ryzen 5 2600X,GeForce RTX 2080 SUPER,MSI B550M PRO-VDH WiFi,Corsair Vengeance LPX 32GB DDR4,WD Blue 4TB HDD,Corsair CV550,1290.38,954
AMD Ryzen 5 2600X,GeForce RTX 3070 Ti,MSI B550M PRO-VDH WiFi,Corsair Vengeance LPX 32GB DDR4,Seagate Barracuda 2TB HDD,MSI MAG A650BN,1326.38,1093
AMD Ryzen 5 2600X,GeForce RTX 3070,MSI B550M PRO-VDH WiFi,Corsair Vengeance LPX 32GB DDR4,Seagate Barracuda 2TB HDD,Corsair CV550,1276.38,923
AMD Ryzen 5 2600X,GeForce RTX 2080 SUPER,MSI B550M PRO-VDH WiFi,Corsair Vengeance LPX 32GB DDR4,Seagate Barracuda 2TB HDD,Corsair CV550,1240.38,953
AMD Ryzen 5 2600X,GeForce RTX 3060 Ti,MSI B550M PRO-VDH WiFi,Corsair Vengeance LPX 32GB DDR4,Crucial P3 Plus 2TB NVMe SSD,Corsair CV550,1246.38,902
AMD Ryzen 5 2600X,GeForce RTX 3070 Ti,MSI B550M PRO-VDH WiFi,Corsair Vengeance LPX 32GB DDR4,Crucial P3 Plus 2TB NVMe SSD,MSI MAG A650BN,1416.38,1092
AMD Ryzen 5 2600X,GeForce RTX 3070,MSI B550M PRO-VDH WiFi,Corsair Vengeance LPX 32GB DDR4,Crucial P3 Plus 2TB NVMe SSD,Corsair CV550,1366.38,922
AMD Ryzen 5 2600X,GeForce GTX 1080 Ti,MSI B550M PRO-VDH WiFi,Corsair Vengeance LPX 32GB DDR4,Crucial P3 Plus 2TB NVMe SSD,Corsair CV550,1250.54,952
AMD Ryzen 5 2600X,GeForce RTX 2070 SUPER,MSI B550M PRO-VDH WiFi,Corsair Vengeance LPX 32GB DDR4,Crucial P3 Plus 2TB NVMe SSD,Corsair CV550,1260.19,917
AMD Ryzen 5 2600X,GeForce RTX 2080,MSI B550M PRO-VDH WiFi,Corsair Vengeance LPX 32GB DDR4,Crucial P3 Plus 2TB NVMe SSD,Corsair CV550,1279.42,952
AMD Ryzen 5 2600X,GeForce RTX 2080 SUPER,MSI B550M PRO-VDH WiFi,Corsair Vengeance LPX 32GB DDR4,Crucial P3 Plus 2TB NVMe SSD,Corsair CV550,1330.38,952
AMD Ryzen 5 2600X,GeForce RTX 3060 Ti,MSI B550M PRO-VDH WiFi,G.Skill Ripjaws V 32GB DDR4,WD Blue 4TB HDD,Corsair CV550,1210.38,904
AMD Ryzen 5 2600X,GeForce RTX 3070 Ti,MSI B550M PRO-VDH WiFi,G.Skill Ripjaws V 32GB DDR4,WD Blue 4TB HDD,MSI MAG A650BN,1380.38,1094
AMD Ryzen 5 2600X,GeForce RTX 3070,MSI B550M PRO-VDH WiFi,G.Skill Ripjaws V 32GB DDR4,WD Blue 4TB HDD,Corsair CV550,1330.38,924
AMD Ryzen 5 2600X,GeForce GTX 1080 Ti,MSI B550M PRO-VDH WiFi,G.Skill Ripjaws V 32GB DDR4,WD Blue 4TB HDD,Corsair CV550,1214.54,954
AMD Ryzen 5 2600X,GeForce RTX 2070 SUPER,MSI B550M PRO-VDH WiFi,G.Skill Ripjaws V 32GB DDR4,WD Blue 4TB HDD,Corsair CV550,1224.19,919
AMD Ryzen 5 2600X,GeForce RTX 2080,MSI B550M PRO-VDH WiFi,G.Skill Ripjaws V 32GB DDR4,WD Blue 4TB HDD,Corsair CV550,1243.42,954
AMD Ryzen 5 2600X,GeForce RTX 2080 SUPER,MSI B550M PRO-VDH WiFi,G.Skill Ripjaws V 32GB DDR4,WD Blue 4TB HDD,Corsair CV550,1294.38,954
AMD Ryzen 5 2600X,GeForce RTX 3070 Ti,MSI B550M PRO-VDH WiFi,G.Skill Ripjaws V 32GB DDR4,Seagate Barracuda 2TB HDD,MSI MAG A650BN,1330.38,1093
AMD Ryzen 5 2600X,GeForce RTX 3070,MSI B550M PRO-VDH WiFi,G.Skill Ripjaws V 32GB DDR4,Seagate Barracuda 2TB HDD,Corsair CV550,1280.38,923
AMD Ryzen 5 2600X,GeForce RTX 2080 SUPER,MSI B550M PRO-VDH WiFi,G.Skill Ripjaws V 32GB DDR4,Seagate Barracuda 2TB HDD,Corsair CV550,1244.38,953
AMD Ryzen 5 2600X,GeForce RTX 3060 Ti,MSI B550M PRO-VDH WiFi,G.Skill Ripjaws V 32GB DDR4,Crucial P3 Plus 2TB NVMe SSD,Corsair CV550,1250.38,902
AMD Ryzen 5 2600X,GeForce RTX 3070 Ti,MSI B550M PRO-VDH WiFi,G.Skill Ripjaws V 32GB DDR4,Crucial P3 Plus 2TB NVMe SSD,MSI MAG A650BN,1420.38,1092
AMD Ryzen 5 2600X,GeForce RTX 3070,MSI B550M PRO-VDH WiFi,G.Skill Ripjaws V 32GB DDR4,Crucial P3 Plus 2TB NVMe SSD,Corsair CV550,1370.38,922
AMD Ryzen 5 2600X,GeForce GTX 1080 Ti,MSI B550M PRO-VDH WiFi,G.Skill Ripjaws V 32GB DDR4,Crucial P3 Plus 2TB NVMe SSD,Corsair CV550,1254.54,952
AMD Ryzen 5 2600X,GeForce RTX 2070 SUPER,MSI B550M PRO-VDH WiFi,G.Skill Ripjaws V 32GB DDR4,Crucial P3 Plus 2TB NVMe SSD,Corsair CV550,1264.19,917
AMD Ryzen 5 2600X,GeForce RTX 2080,MSI B550M PRO-VDH WiFi,G.Skill Ripjaws V 32GB DDR4,Crucial P3 Plus 2TB NVMe SSD,Corsair CV550,1283.42,952
AMD Ryzen 5 2600X,GeForce RTX 2080 SUPER,MSI B550M PRO-VDH WiFi,G.Skill Ripjaws V 32GB DDR4,Crucial P3 Plus 2TB NVMe SSD,Corsair CV550,1334.38,952
AMD Ryzen 7 5700X,Radeon RX 6600 XT,MSI B550M PRO-VDH WiFi,Kingston Fury Beast 64GB DDR4,WD Blue 4TB HDD,Corsair CV550,1244.99,839
AMD Ryzen 7 5700X,GeForce GTX 1070 Ti,MSI B550M PRO-VDH WiFi,Kingston Fury Beast 64GB DDR4,WD Blue 4TB HDD,Corsair CV550,1234.0,859
AMD Ryzen 7 5700X,Radeon RX 6700 XT,MSI B550M PRO-VDH WiFi,Kingston Fury Beast 64GB DDR4,WD Blue 4TB HDD,Corsair CV550,1374.99,909
AMD Ryzen 7 5700X,GeForce RTX 2060,MSI B550M PRO-VDH WiFi,Kingston Fury Beast 64GB DDR4,WD Blue 4TB HDD,Corsair CV550,1234.99,839
AMD Ryzen 7 5700X,GeForce GTX 1080,MSI B550M PRO-VDH WiFi,Kingston Fury Beast 64GB DDR4,WD Blue 4TB HDD,Corsair CV550,1287.79,859
AMD Ryzen 7 5700X,GeForce RTX 3060 Ti,MSI B550M PRO-VDH WiFi,Kingston Fury Beast 64GB DDR4,WD Blue 4TB HDD,Corsair CV550,1444.99,879
AMD Ryzen 7 5700X,GeForce RTX 2060 SUPER,MSI B550M PRO-VDH WiFi,Kingston Fury Beast 64GB DDR4,WD Blue 4TB HDD,Corsair CV550,1373.8899999999999,854
AMD Ryzen 7 5700X,GeForce GTX 1080 Ti,MSI B550M PRO-VDH WiFi,Kingston Fury Beast 64GB DDR4,WD Blue 4TB HDD,Corsair CV550,1449.15,929
AMD Ryzen 7 5700X,GeForce RTX 2070 SUPER,MSI B550M PRO-VDH WiFi,Kingston Fury Beast 64GB DDR4,WD Blue 4TB HDD,Corsair CV550,1458.8,894
AMD Ryzen 7 5700X,GeForce RTX 2080,MSI B550M PRO-VDH WiFi,Kingston Fury Beast 64GB DDR4,WD Blue 4TB HDD,Corsair CV550,1478.03,929
AMD Ryzen 7 5700X,GeForce GTX 1660,MSI B550M PRO-VDH WiFi,Kingston Fury Beast 64GB DDR4,WD Blue 4TB HDD,Corsair CV550,1244.99,799
AMD Ryzen 7 5700X,Radeon RX 6700 XT,MSI B550M PRO-VDH WiFi,Kingston Fury Beast 64GB DDR4,Seagate Barracuda 2TB HDD,Corsair CV550,1324.99,908
AMD Ryzen 7 5700X,GeForce GTX 1080,MSI B550M PRO-VDH WiFi,Kingston Fury Beast 64GB DDR4,Seagate Barracuda 2TB HDD,Corsair CV550,1237.79,858
AMD Ryzen 7 5700X,GeForce RTX 3060 Ti,MSI B550M PRO-VDH WiFi,Kingston Fury Beast 64GB DDR4,Seagate Barracuda 2TB HDD,Corsair CV550,1394.99,878
AMD Ryzen 7 5700X,GeForce RTX 2060 SUPER,MSI B550M PRO-VDH WiFi,Kingston Fury Beast 64GB DDR4,Seagate Barracuda 2TB HDD,Corsair CV550,1323.8899999999999,853
AMD Ryzen 7 5700X,GeForce GTX 1080 Ti,MSI B550M PRO-VDH WiFi,Kingston Fury Beast 64GB DDR4,Seagate Barracuda 2TB HDD,Corsair CV550,1399.15,928
AMD Ryzen 7 5700X,GeForce RTX 2070 SUPER,MSI B550M PRO-VDH WiFi,Kingston Fury Beast 64GB DDR4,Seagate Barracuda 2TB HDD,Corsair CV550,1408.8,893
AMD Ryzen 7 5700X,GeForce RTX 2080,MSI B550M PRO-VDH WiFi,Kingston Fury Beast 64GB DDR4,Seagate Barracuda 2TB HDD,Corsair CV550,1428.03,928
AMD Ryzen 7 5700X,GeForce RTX 2080 SUPER,MSI B550M PRO-VDH WiFi,Kingston Fury Beast 64GB DDR4,Seagate Barracuda 2TB HDD,Corsair CV550,1478.99,928
AMD Ryzen 7 5700X,GeForce RTX 3060,MSI B550M PRO-VDH WiFi,Kingston Fury Beast 64GB DDR4,Crucial P3 Plus 2TB NVMe SSD,Corsair CV550,1214.0,847
AMD Ryzen 7 5700X,Radeon RX 6600 XT,MSI B550M PRO-VDH WiFi,Kingston Fury Beast 64GB DDR4,Crucial P3 Plus 2TB NVMe SSD,Corsair CV550,1284.99,837
AMD Ryzen 7 5700X,GeForce GTX 1070,MSI B550M PRO-VDH WiFi,Kingston Fury Beast 64GB DDR4,Crucial P3 Plus 2TB NVMe SSD,Corsair CV550,1227.55,827
AMD Ryzen 7 5700X,GeForce GTX 1660 SUPER,MSI B550M PRO-VDH WiFi,Kingston Fury Beast 64GB DDR4,Crucial P3 Plus 2TB NVMe SSD,Corsair CV550,1214.99,802
AMD Ryzen 7 5700X,GeForce GTX 1070 Ti,MSI B550M PRO-VDH WiFi,Kingston Fury Beast 64GB DDR4,Crucial P3 Plus 2TB NVMe SSD,Corsair CV550,1274.0,857
AMD Ryzen 7 5700X,Radeon RX 6700 XT,MSI B550M PRO-VDH WiFi,Kingston Fury Beast 64GB DDR4,Crucial P3 Plus 2TB NVMe SSD,Corsair CV550,1414.99,907
AMD Ryzen 7 5700X,GeForce RTX 2060,MSI B550M PRO-VDH WiFi,Kingston Fury Beast 64GB DDR4,Crucial P3 Plus 2TB NVMe SSD,Corsair CV550,1274.99,837
AMD Ryzen 7 5700X,GeForce GTX 1080,MSI B550M PRO-VDH WiFi,Kingston Fury Beast 64GB DDR4,Crucial P3 Plus 2TB NVMe SSD,Corsair CV550,1327.79,857
AMD Ryzen 7 5700X,GeForce GTX 1660 Ti,MSI B550M PRO-VDH WiFi,Kingston Fury Beast 64GB DDR4,Crucial P3 Plus 2TB NVMe SSD,Corsair CV550,1234.99,797
AMD Ryzen 7 5700X,GeForce RTX 3060 Ti,MSI B550M PRO-VDH WiFi,Kingston Fury Beast 64GB DDR4,Crucial P3 Plus 2TB NVMe SSD,Corsair CV550,1484.99,877
AMD Ryzen 7 5700X,GeForce RTX 2060 SUPER,MSI B550M PRO-VDH WiFi,Kingston Fury Beast 64GB DDR4,Crucial P3 Plus 2TB NVMe SSD,Corsair CV550,1413.8899999999999,852
AMD Ryzen 7 5700X,GeForce GTX 1080 Ti,MSI B550M PRO-VDH WiFi,Kingston Fury Beast 64GB DDR4,Crucial P3 Plus 2TB NVMe SSD,Corsair CV550,1489.15,927
AMD Ryzen 7 5700X,GeForce RTX 2070 SUPER,MSI B550M PRO-VDH WiFi,Kingston Fury Beast 64GB DDR4,Crucial P3 Plus 2TB NVMe SSD,Corsair CV550,1498.8,892
AMD Ryzen 7 5700X,GeForce GTX 1660,MSI B550M PRO-VDH WiFi,Kingston Fury Beast 64GB DDR4,Crucial P3 Plus 2TB NVMe SSD,Corsair CV550,1284.99,797
AMD Ryzen 7 5700X,GeForce GTX 780 Ti,MSI B550M PRO-VDH WiFi,Kingston Fury Beast 64GB DDR4,Crucial P3 Plus 2TB NVMe SSD,Corsair CV550,1224.99,927
AMD Ryzen 7 5700X,Radeon R9 290X / 390X,MSI B550M PRO-VDH WiFi,Kingston Fury Beast 64GB DDR4,Crucial P3 Plus 2TB NVMe SSD,Corsair CV550,1204.99,967
AMD Ryzen 7 5700X,Radeon RX 6700 XT,MSI B550M PRO-VDH WiFi,Corsair Vengeance LPX 32GB DDR4,WD Blue 4TB HDD,Corsair CV550,1280.99,904
AMD Ryzen 7 5700X,GeForce RTX 3060 Ti,MSI B550M PRO-VDH WiFi,Corsair Vengeance LPX 32GB DDR4,WD Blue 4TB HDD,Corsair CV550,1350.99,874
AMD Ryzen 7 5700X,GeForce RTX 2060 SUPER,MSI B550M PRO-VDH WiFi,Corsair Vengeance LPX 32GB DDR4,WD Blue 4TB HDD,Corsair CV550,1279.8899999999999,849
AMD Ryzen 7 5700X,GeForce RTX 3070,MSI B550M PRO-VDH WiFi,Corsair Vengeance LPX 32GB DDR4,WD Blue 4TB HDD,Corsair CV550,1470.99,894
AMD Ryzen 7 5700X,GeForce GTX 1080 Ti,MSI B550M PRO-VDH WiFi,Corsair Vengeance LPX 32GB DDR4,WD Blue 4TB HDD,Corsair CV550,1355.15,924
AMD Ryzen 7 5700X,GeForce RTX 2070 SUPER,MSI B550M PRO-VDH WiFi,Corsair Vengeance LPX 32GB DDR4,WD Blue 4TB HDD,Corsair CV550,1364.8,889
AMD Ryzen 7 5700X,GeForce RTX 2080,MSI B550M PRO-VDH WiFi,Corsair Vengeance LPX 32GB DDR4,WD Blue 4TB HDD,Corsair CV550,1384.03,924
AMD Ryzen 7 5700X,GeForce RTX 2080 SUPER,MSI B550M PRO-VDH WiFi,Corsair Vengeance LPX 32GB DDR4,WD Blue 4TB HDD,Corsair CV550,1434.99,924
AMD Ryzen 7 5700X,Radeon RX 6700 XT,MSI B550M PRO-VDH WiFi,Corsair Vengeance LPX 32GB DDR4,Seagate Barracuda 2TB HDD,Corsair CV550,1230.99,903
AMD Ryzen 7 5700X,GeForce RTX 3060 Ti,MSI B550M PRO-VDH WiFi,Corsair Vengeance LPX 32GB DDR4,Seagate Barracuda 2TB HDD,Corsair CV550,1300.99,873
AMD Ryzen 7 5700X,GeForce RTX 2060 SUPER,MSI B550M PRO-VDH WiFi,Corsair Vengeance LPX 32GB DDR4,Seagate Barracuda 2TB HDD,Corsair CV550,1229.8899999999999,848
AMD Ryzen 7 5700X,GeForce RTX 3070 Ti,MSI B550M PRO-VDH WiFi,Corsair Vengeance LPX 32GB DDR4,Seagate Barracuda 2TB HDD,Corsair CV550,1450.99,963
AMD Ryzen 7 5700X,GeForce RTX 3070,MSI B550M PRO-VDH WiFi,Corsair Vengeance LPX 32GB DDR4,Seagate Barracuda 2TB HDD,Corsair CV550,1420.99,893
AMD Ryzen 7 5700X,GeForce GTX 1080 Ti,MSI B550M PRO-VDH WiFi,Corsair Vengeance LPX 32GB DDR4,Seagate Barracuda 2TB HDD,Corsair CV550,1305.15,923
AMD Ryzen 7 5700X,GeForce RTX 2070 SUPER,MSI B550M PRO-VDH WiFi,Corsair Vengeance LPX 32GB DDR4,Seagate Barracuda 2TB HDD,Corsair CV550,1314.8,888
AMD Ryzen 7 5700X,GeForce RTX 2080,MSI B550M PRO-VDH WiFi,Corsair Vengeance LPX 32GB DDR4,Seagate Barracuda 2TB HDD,Corsair CV550,1334.03,923
AMD Ryzen 7 5700X,GeForce RTX 2080 SUPER,MSI B550M PRO-VDH WiFi,Corsair Vengeance LPX 32GB DDR4,Seagate Barracuda 2TB HDD,Corsair CV550,1384.99,923
AMD Ryzen 7 5700X,Radeon RX 6700 XT,MSI B550M PRO-VDH WiFi,Corsair Vengeance LPX 32GB DDR4,Crucial P3 Plus 2TB NVMe SSD,Corsair CV550,1320.99,902
AMD Ryzen 7 5700X,GeForce GTX 1080,MSI B550M PRO-VDH WiFi,Corsair Vengeance LPX 32GB DDR4,Crucial P3 Plus 2TB NVMe SSD,Corsair CV550,1233.79,852
AMD Ryzen 7 5700X,GeForce RTX 3060 Ti,MSI B550M PRO-VDH WiFi,Corsair Vengeance LPX 32GB DDR4,Crucial P3 Plus 2TB NVMe SSD,Corsair CV550,1390.99,872
AMD Ryzen 7 5700X,GeForce RTX 2060 SUPER,MSI B550M PRO-VDH WiFi,Corsair Vengeance LPX 32GB DDR4,Crucial P3 Plus 2TB NVMe SSD,Corsair CV550,1319.8899999999999,847
AMD Ryzen 7 5700X,GeForce GTX 1080 Ti,MSI B550M PRO-VDH WiFi,Corsair Vengeance LPX 32GB DDR4,Crucial P3 Plus 2TB NVMe SSD,Corsair CV550,1395.15,922
AMD Ryzen 7 5700X,GeForce RTX 2070 SUPER,MSI B550M PRO-VDH WiFi,Corsair Vengeance LPX 32GB DDR4,Crucial P3 Plus 2TB NVMe SSD,Corsair CV550,1404.8,887
AMD Ryzen 7 5700X,GeForce RTX 2080,MSI B550M PRO-VDH WiFi,Corsair Vengeance LPX 32GB DDR4,Crucial P3 Plus 2TB NVMe SSD,Corsair CV550,1424.03,922
AMD Ryzen 7 5700X,GeForce RTX 2080 SUPER,MSI B550M PRO-VDH WiFi,Corsair Vengeance LPX 32GB DDR4,Crucial P3 Plus 2TB NVMe SSD,Corsair CV550,1474.99,922
AMD Ryzen 7 5700X,Radeon RX 6700 XT,MSI B550M PRO-VDH WiFi,G.Skill Ripjaws V 32GB DDR4,WD Blue 4TB HDD,Corsair CV550,1284.99,904
AMD Ryzen 7 5700X,GeForce RTX 3060 Ti,MSI B550M PRO-VDH WiFi,G.Skill Ripjaws V 32GB DDR4,WD Blue 4TB HDD,Corsair CV550,1354.99,874
AMD Ryzen 7 5700X,GeForce RTX 2060 SUPER,MSI B550M PRO-VDH WiFi,G.Skill Ripjaws V 32GB DDR4,WD Blue 4TB HDD,Corsair CV550,1283.8899999999999,849
AMD Ryzen 7 5700X,GeForce RTX 3070,MSI B550M PRO-VDH WiFi,G.Skill Ripjaws V 32GB DDR4,WD Blue 4TB HDD,Corsair CV550,1474.99,894
AMD Ryzen 7 5700X,GeForce GTX 1080 Ti,MSI B550M PRO-VDH WiFi,G.Skill Ripjaws V 32GB DDR4,WD Blue 4TB HDD,Corsair CV550,1359.15,924
AMD Ryzen 7 5700X,GeForce RTX 2070 SUPER,MSI B550M PRO-VDH WiFi,G.Skill Ripjaws V 32GB DDR4,WD Blue 4TB HDD,Corsair CV550,1368.8,889
AMD Ryzen 7 5700X,GeForce RTX 2080,MSI B550M PRO-VDH WiFi,G.Skill Ripjaws V 32GB DDR4,WD Blue 4TB HDD,Corsair CV550,1388.03,924
AMD Ryzen 7 5700X,GeForce RTX 2080 SUPER,MSI B550M PRO-VDH WiFi,G.Skill Ripjaws V 32GB DDR4,WD Blue 4TB HDD,Corsair CV550,1438.99,924
AMD Ryzen 7 5700X,Radeon RX 6700 XT,MSI B550M PRO-VDH WiFi,G.Skill Ripjaws V 32GB DDR4,Seagate Barracuda 2TB HDD,Corsair CV550,1234.99,903
AMD Ryzen 7 5700X,GeForce RTX 3060 Ti,MSI B550M PRO-VDH WiFi,G.Skill Ripjaws V 32GB DDR4,Seagate Barracuda 2TB HDD,Corsair CV550,1304.99,873
AMD Ryzen 7 5700X,GeForce RTX 2060 SUPER,MSI B550M PRO-VDH WiFi,G.Skill Ripjaws V 32GB DDR4,Seagate Barracuda 2TB HDD,Corsair CV550,1233.8899999999999,848
AMD Ryzen 7 5700X,GeForce RTX 3070 Ti,MSI B550M PRO-VDH WiFi,G.Skill Ripjaws V 32GB DDR4,Seagate Barracuda 2TB HDD,Corsair CV550,1454.99,963
AMD Ryzen 7 5700X,GeForce RTX 3070,MSI B550M PRO-VDH WiFi,G.Skill Ripjaws V 32GB DDR4,Seagate Barracuda 2TB HDD,Corsair CV550,1424.99,893
AMD Ryzen 7 5700X,GeForce GTX 1080 Ti,MSI B550M PRO-VDH WiFi,G.Skill Ripjaws V 32GB DDR4,Seagate Barracuda 2TB HDD,Corsair CV550,1309.15,923
AMD Ryzen 7 5700X,GeForce RTX 2070 SUPER,MSI B550M PRO-VDH WiFi,G.Skill Ripjaws V 32GB DDR4,Seagate Barracuda 2TB HDD,Corsair CV550,1318.8,888
AMD Ryzen 7 5700X,GeForce RTX 2080,MSI B550M PRO-VDH WiFi,G.Skill Ripjaws V 32GB DDR4,Seagate Barracuda 2TB HDD,Corsair CV550,1338.03,923
AMD Ryzen 7 5700X,GeForce RTX 2080 SUPER,MSI B550M PRO-VDH WiFi,G.Skill Ripjaws V 32GB DDR4,Seagate Barracuda 2TB HDD,Corsair CV550,1388.99,923
AMD Ryzen 7 5700X,Radeon RX 6700 XT,MSI B550M PRO-VDH WiFi,G.Skill Ripjaws V 32GB DDR4,Crucial P3 Plus 2TB NVMe SSD,Corsair CV550,1324.99,902
AMD Ryzen 7 5700X,GeForce GTX 1080,MSI B550M PRO-VDH WiFi,G.Skill Ripjaws V 32GB DDR4,Crucial P3 Plus 2TB NVMe SSD,Corsair CV550,1237.79,852
AMD Ryzen 7 5700X,GeForce RTX 3060 Ti,MSI B550M PRO-VDH WiFi,G.Skill Ripjaws V 32GB DDR4,Crucial P3 Plus 2TB NVMe SSD,Corsair CV550,1394.99,872
AMD Ryzen 7 5700X,GeForce RTX 2060 SUPER,MSI B550M PRO-VDH WiFi,G.Skill Ripjaws V 32GB DDR4,Crucial P3 Plus 2TB NVMe SSD,Corsair CV550,1323.8899999999999,847
AMD Ryzen 7 5700X,GeForce GTX 1080 Ti,MSI B550M PRO-VDH WiFi,G.Skill Ripjaws V 32GB DDR4,Crucial P3 Plus 2TB NVMe SSD,Corsair CV550,1399.15,922
AMD Ryzen 7 5700X,GeForce RTX 2070 SUPER,MSI B550M PRO-VDH WiFi,G.Skill Ripjaws V 32GB DDR4,Crucial P3 Plus 2TB NVMe SSD,Corsair CV550,1408.8,887
AMD Ryzen 7 5700X,GeForce RTX 2080,MSI B550M PRO-VDH WiFi,G.Skill Ripjaws V 32GB DDR4,Crucial P3 Plus 2TB NVMe SSD,Corsair CV550,1428.03,922
AMD Ryzen 7 5700X,GeForce RTX 2080 SUPER,MSI B550M PRO-VDH WiFi,G.Skill Ripjaws V 32GB DDR4,Crucial P3 Plus 2TB NVMe SSD,Corsair CV550,1478.99,922
AMD Ryzen 5 3600X,Radeon RX 6700 XT,MSI B550M PRO-VDH WiFi,Kingston Fury Beast 64GB DDR4,WD Blue 4TB HDD,Corsair CV550,1285.98,939
AMD Ryzen 5 3600X,GeForce RTX 3060 Ti,MSI B550M PRO-VDH WiFi,Kingston Fury Beast 64GB DDR4,WD Blue 4TB HDD,Corsair CV550,1355.98,909
AMD Ryzen 5 3600X,GeForce RTX 2060 SUPER,MSI B550M PRO-VDH WiFi,Kingston Fury Beast 64GB DDR4,WD Blue 4TB HDD,Corsair CV550,1284.88,884
AMD Ryzen 5 3600X,GeForce RTX 3070,MSI B550M PRO-VDH WiFi,Kingston Fury Beast 64GB DDR4,WD Blue 4TB HDD,Corsair CV550,1475.98,929
AMD Ryzen 5 3600X,GeForce GTX 1080 Ti,MSI B550M PRO-VDH WiFi,Kingston Fury Beast 64GB DDR4,WD Blue 4TB HDD,Corsair CV550,1360.1399999999999,959
AMD Ryzen 5 3600X,GeForce RTX 2070 SUPER,MSI B550M PRO-VDH WiFi,Kingston Fury Beast 64GB DDR4,WD Blue 4TB HDD,Corsair CV550,1369.79,924
AMD Ryzen 5 3600X,GeForce RTX 2080,MSI B550M PRO-VDH WiFi,Kingston Fury Beast 64GB DDR4,WD Blue 4TB HDD,Corsair CV550,1389.02,959
AMD Ryzen 5 3600X,GeForce RTX 2080 SUPER,MSI B550M PRO-VDH WiFi,Kingston Fury Beast 64GB DDR4,WD Blue 4TB HDD,Corsair CV550,1439.98,959
AMD Ryzen 5 3600X,Radeon RX 6700 XT,MSI B550M PRO-VDH WiFi,Kingston Fury Beast 64GB DDR4,Seagate Barracuda 2TB HDD,Corsair CV550,1235.98,938
AMD Ryzen 5 3600X,GeForce RTX 3060 Ti,MSI B550M PRO-VDH WiFi,Kingston Fury Beast 64GB DDR4,Seagate Barracuda 2TB HDD,Corsair CV550,1305.98,908
AMD Ryzen 5 3600X,GeForce RTX 2060 SUPER,MSI B550M PRO-VDH WiFi,Kingston Fury Beast 64GB DDR4,Seagate Barracuda 2TB HDD,Corsair CV550,1234.88,883
AMD Ryzen 5 3600X,GeForce RTX 3070 Ti,MSI B550M PRO-VDH WiFi,Kingston Fury Beast 64GB DDR4,Seagate Barracuda 2TB HDD,MSI MAG A650BN,1475.98,1098
AMD Ryzen 5 3600X,GeForce RTX 3070,MSI B550M PRO-VDH WiFi,Kingston Fury Beast 64GB DDR4,Seagate Barracuda 2TB HDD,Corsair CV550,1425.98,928
AMD Ryzen 5 3600X,GeForce GTX 1080 Ti,MSI B550M PRO-VDH WiFi,Kingston Fury Beast 64GB DDR4,Seagate Barracuda 2TB HDD,Corsair CV550,1310.1399999999999,958
AMD Ryzen 5 3600X,GeForce RTX 2070 SUPER,MSI B550M PRO-VDH WiFi,Kingston Fury Beast 64GB DDR4,Seagate Barracuda 2TB HDD,Corsair CV550,1319.79,923
AMD Ryzen 5 3600X,GeForce RTX 2080,MSI B550M PRO-VDH WiFi,Kingston Fury Beast 64GB DDR4,Seagate Barracuda 2TB HDD,Corsair CV550,1339.02,958
AMD Ryzen 5 3600X,GeForce RTX 2080 SUPER,MSI B550M PRO-VDH WiFi,Kingston Fury Beast 64GB DDR4,Seagate Barracuda 2TB HDD,Corsair CV550,1389.98,958
AMD Ryzen 5 3600X,Radeon RX 6700 XT,MSI B550M PRO-VDH WiFi,Kingston Fury Beast 64GB DDR4,Crucial P3 Plus 2TB NVMe SSD,Corsair CV550,1325.98,937
AMD Ryzen 5 3600X,GeForce GTX 1080,MSI B550M PRO-VDH WiFi,Kingston Fury Beast 64GB DDR4,Crucial P3 Plus 2TB NVMe SSD,Corsair CV550,1238.78,887
AMD Ryzen 5 3600X,GeForce RTX 3060 Ti,MSI B550M PRO-VDH WiFi,Kingston Fury Beast 64GB DDR4,Crucial P3 Plus 2TB NVMe SSD,Corsair CV550,1395.98,907
AMD Ryzen 5 3600X,GeForce RTX 2060 SUPER,MSI B550M PRO-VDH WiFi,Kingston Fury Beast 64GB DDR4,Crucial P3 Plus 2TB NVMe SSD,Corsair CV550,1324.88,882
AMD Ryzen 5 3600X,GeForce GTX 1080 Ti,MSI B550M PRO-VDH WiFi,Kingston Fury Beast 64GB DDR4,Crucial P3 Plus 2TB NVMe SSD,Corsair CV550,1400.1399999999999,957
AMD Ryzen 5 3600X,GeForce RTX 2070 SUPER,MSI B550M PRO-VDH WiFi,Kingston Fury Beast 64GB DDR4,Crucial P3 Plus 2TB NVMe SSD,Corsair CV550,1409.79,922
AMD Ryzen 5 3600X,GeForce RTX 2080,MSI B550M PRO-VDH WiFi,Kingston Fury Beast 64GB DDR4,Crucial P3 Plus 2TB NVMe SSD,Corsair CV550,1429.02,957
AMD Ryzen 5 3600X,GeForce RTX 2080 SUPER,MSI B550M PRO-VDH WiFi,Kingston Fury Beast 64GB DDR4,Crucial P3 Plus 2TB NVMe SSD,Corsair CV550,1479.98,957
AMD Ryzen 5 3600X,GeForce RTX 3060 Ti,MSI B550M PRO-VDH WiFi,Corsair Vengeance LPX 32GB DDR4,WD Blue 4TB HDD,Corsair CV550,1261.98,904
AMD Ryzen 5 3600X,GeForce RTX 3070 Ti,MSI B550M PRO-VDH WiFi,Corsair Vengeance LPX 32GB DDR4,WD Blue 4TB HDD,MSI MAG A650BN,1431.98,1094
AMD Ryzen 5 3600X,GeForce RTX 3070,MSI B550M PRO-VDH WiFi,Corsair Vengeance LPX 32GB DDR4,WD Blue 4TB HDD,Corsair CV550,1381.98,924
AMD Ryzen 5 3600X,GeForce GTX 1080 Ti,MSI B550M PRO-VDH WiFi,Corsair Vengeance LPX 32GB DDR4,WD Blue 4TB HDD,Corsair CV550,1266.1399999999999,954
AMD Ryzen 5 3600X,GeForce RTX 2070 SUPER,MSI B550M PRO-VDH WiFi,Corsair Vengeance LPX 32GB DDR4,WD Blue 4TB HDD,Corsair CV550,1275.79,919
AMD Ryzen 5 3600X,GeForce RTX 2080,MSI B550M PRO-VDH WiFi,Corsair Vengeance LPX 32GB DDR4,WD Blue 4TB HDD,Corsair CV550,1295.02,954
AMD Ryzen 5 3600X,GeForce RTX 2080 SUPER,MSI B550M PRO-VDH WiFi,Corsair Vengeance LPX 32GB DDR4,WD Blue 4TB HDD,Corsair CV550,1345.98,954
AMD Ryzen 5 3600X,GeForce RTX 3060 Ti,MSI B550M PRO-VDH WiFi,Corsair Vengeance LPX 32GB DDR4,Seagate Barracuda 2TB HDD,Corsair CV550,1211.98,903
AMD Ryzen 5 3600X,GeForce RTX 3070 Ti,MSI B550M PRO-VDH WiFi,Corsair Vengeance LPX 32GB DDR4,Seagate Barracuda 2TB HDD,MSI MAG A650BN,1381.98,1093
AMD Ryzen 5 3600X,GeForce RTX 3070,MSI B550M PRO-VDH WiFi,Corsair Vengeance LPX 32GB DDR4,Seagate Barracuda 2TB HDD,Corsair CV550,1331.98,923
AMD Ryzen 5 3600X,GeForce GTX 1080 Ti,MSI B550M PRO-VDH WiFi,Corsair Vengeance LPX 32GB DDR4,Seagate Barracuda 2TB HDD,Corsair CV550,1216.1399999999999,953
AMD Ryzen 5 3600X,GeForce RTX 2070 SUPER,MSI B550M PRO-VDH WiFi,Corsair Vengeance LPX 32GB DDR4,Seagate Barracuda 2TB HDD,Corsair CV550,1225.79,918
AMD Ryzen 5 3600X,GeForce RTX 2080,MSI B550M PRO-VDH WiFi,Corsair Vengeance LPX 32GB DDR4,Seagate Barracuda 2TB HDD,Corsair CV550,1245.02,953
AMD Ryzen 5 3600X,GeForce RTX 2080 SUPER,MSI B550M PRO-VDH WiFi,Corsair Vengeance LPX 32GB DDR4,Seagate Barracuda 2TB HDD,Corsair CV550,1295.98,953
AMD Ryzen 5 3600X,Radeon RX 6700 XT,MSI B550M PRO-VDH WiFi,Corsair Vengeance LPX 32GB DDR4,Crucial P3 Plus 2TB NVMe SSD,Corsair CV550,1231.98,932
AMD Ryzen 5 3600X,GeForce RTX 3060 Ti,MSI B550M PRO-VDH WiFi,Corsair Vengeance LPX 32GB DDR4,Crucial P3 Plus 2TB NVMe SSD,Corsair CV550,1301.98,902
AMD Ryzen 5 3600X,GeForce RTX 2060 SUPER,MSI B550M PRO-VDH WiFi,Corsair Vengeance LPX 32GB DDR4,Crucial P3 Plus 2TB NVMe SSD,Corsair CV550,1230.88,877
AMD Ryzen 5 3600X,GeForce RTX 3070 Ti,MSI B550M PRO-VDH WiFi,Corsair Vengeance LPX 32GB DDR4,Crucial P3 Plus 2TB NVMe SSD,MSI MAG A650BN,1471.98,1092
AMD Ryzen 5 3600X,GeForce RTX 3070,MSI B550M PRO-VDH WiFi,Corsair Vengeance LPX 32GB DDR4,Crucial P3 Plus 2TB NVMe SSD,Corsair CV550,1421.98,922
AMD Ryzen 5 3600X,GeForce GTX 1080 Ti,MSI B550M PRO-VDH WiFi,Corsair Vengeance LPX 32GB DDR4,Crucial P3 Plus 2TB NVMe SSD,Corsair CV550,1306.1399999999999,952
AMD Ryzen 5 3600X,GeForce RTX 2070 SUPER,MSI B550M PRO-VDH WiFi,Corsair Vengeance LPX 32GB DDR4,Crucial P3 Plus 2TB NVMe SSD,Corsair CV550,1315.79,917
AMD Ryzen 5 3600X,GeForce RTX 2080,MSI B550M PRO-VDH WiFi,Corsair Vengeance LPX 32GB DDR4,Crucial P3 Plus 2TB NVMe SSD,Corsair CV550,1335.02,952
AMD Ryzen 5 3600X,GeForce RTX 2080 SUPER,MSI B550M PRO-VDH WiFi,Corsair Vengeance LPX 32GB DDR4,Crucial P3 Plus 2TB NVMe SSD,Corsair CV550,1385.98,952
AMD Ryzen 5 3600X,GeForce RTX 3060 Ti,MSI B550M PRO-VDH WiFi,G.Skill Ripjaws V 32GB DDR4,WD Blue 4TB HDD,Corsair CV550,1265.98,904
AMD Ryzen 5 3600X,GeForce RTX 3070 Ti,MSI B550M PRO-VDH WiFi,G.Skill Ripjaws V 32GB DDR4,WD Blue 4TB HDD,MSI MAG A650BN,1435.98,1094
AMD Ryzen 5 3600X,GeForce RTX 3070,MSI B550M PRO-VDH WiFi,G.Skill Ripjaws V 32GB DDR4,WD Blue 4TB HDD,Corsair CV550,1385.98,924
AMD Ryzen 5 3600X,GeForce GTX 1080 Ti,MSI B550M PRO-VDH WiFi,G.Skill Ripjaws V 32GB DDR4,WD Blue 4TB HDD,Corsair CV550,1270.1399999999999,954
AMD Ryzen 5 3600X,GeForce RTX 2070 SUPER,MSI B550M PRO-VDH WiFi,G.Skill Ripjaws V 32GB DDR4,WD Blue 4TB HDD,Corsair CV550,1279.79,919
AMD Ryzen 5 3600X,GeForce RTX 2080,MSI B550M PRO-VDH WiFi,G.Skill Ripjaws V 32GB DDR4,WD Blue 4TB HDD,Corsair CV550,1299.02,954
AMD Ryzen 5 3600X,GeForce RTX 2080 SUPER,MSI B550M PRO-VDH WiFi,G.Skill Ripjaws V 32GB DDR4,WD Blue 4TB HDD,Corsair CV550,1349.98,954
AMD Ryzen 5 3600X,GeForce RTX 3060 Ti,MSI B550M PRO-VDH WiFi,G.Skill Ripjaws V 32GB DDR4,Seagate Barracuda 2TB HDD,Corsair CV550,1215.98,903
AMD Ryzen 5 3600X,GeForce RTX 3070 Ti,MSI B550M PRO-VDH WiFi,G.Skill Ripjaws V 32GB DDR4,Seagate Barracuda 2TB HDD,MSI MAG A650BN,1385.98,1093
AMD Ryzen 5 3600X,GeForce RTX 3070,MSI B550M PRO-VDH WiFi,G.Skill Ripjaws V 32GB DDR4,Seagate Barracuda 2TB HDD,Corsair CV550,1335.98,923
AMD Ryzen 5 3600X,GeForce GTX 1080 Ti,MSI B550M PRO-VDH WiFi,G.Skill Ripjaws V 32GB DDR4,Seagate Barracuda 2TB HDD,Corsair CV550,1220.1399999999999,953
AMD Ryzen 5 3600X,GeForce RTX 2070 SUPER,MSI B550M PRO-VDH WiFi,G.Skill Ripjaws V 32GB DDR4,Seagate Barracuda 2TB HDD,Corsair CV550,1229.79,918
AMD Ryzen 5 3600X,GeForce RTX 2080,MSI B550M PRO-VDH WiFi,G.Skill Ripjaws V 32GB DDR4,Seagate Barracuda 2TB HDD,Corsair CV550,1249.02,953
AMD Ryzen 5 3600X,GeForce RTX 2080 SUPER,MSI B550M PRO-VDH WiFi,G.Skill Ripjaws V 32GB DDR4,Seagate Barracuda 2TB HDD,Corsair CV550,1299.98,953
AMD Ryzen 5 3600X,Radeon RX 6700 XT,MSI B550M PRO-VDH WiFi,G.Skill Ripjaws V 32GB DDR4,Crucial P3 Plus 2TB NVMe SSD,Corsair CV550,1235.98,932
AMD Ryzen 5 3600X,GeForce RTX 3060 Ti,MSI B550M PRO-VDH WiFi,G.Skill Ripjaws V 32GB DDR4,Crucial P3 Plus 2TB NVMe SSD,Corsair CV550,1305.98,902
AMD Ryzen 5 3600X,GeForce RTX 2060 SUPER,MSI B550M PRO-VDH WiFi,G.Skill Ripjaws V 32GB DDR4,Crucial P3 Plus 2TB NVMe SSD,Corsair CV550,1234.88,877
AMD Ryzen 5 3600X,GeForce RTX 3070 Ti,MSI B550M PRO-VDH WiFi,G.Skill Ripjaws V 32GB DDR4,Crucial P3 Plus 2TB NVMe SSD,MSI MAG A650BN,1475.98,1092
AMD Ryzen 5 3600X,GeForce RTX 3070,MSI B550M PRO-VDH WiFi,G.Skill Ripjaws V 32GB DDR4,Crucial P3 Plus 2TB NVMe SSD,Corsair CV550,1425.98,922
AMD Ryzen 5 3600X,GeForce GTX 1080 Ti,MSI B550M PRO-VDH WiFi,G.Skill Ripjaws V 32GB DDR4,Crucial P3 Plus 2TB NVMe SSD,Corsair CV550,1310.1399999999999,952
AMD Ryzen 5 3600X,GeForce RTX 2070 SUPER,MSI B550M PRO-VDH WiFi,G.Skill Ripjaws V 32GB DDR4,Crucial P3 Plus 2TB NVMe SSD,Corsair CV550,1319.79,917
AMD Ryzen 5 3600X,GeForce RTX 2080,MSI B550M PRO-VDH WiFi,G.Skill Ripjaws V 32GB DDR4,Crucial P3 Plus 2TB NVMe SSD,Corsair CV550,1339.02,952
AMD Ryzen 5 3600X,GeForce RTX 2080 SUPER,MSI B550M PRO-VDH WiFi,G.Skill Ripjaws V 32GB DDR4,Crucial P3 Plus 2TB NVMe SSD,Corsair CV550,1389.98,952
AMD Ryzen 7 5800X,GeForce RTX 3060,MSI B550M PRO-VDH WiFi,Kingston Fury Beast 64GB DDR4,WD Blue 4TB HDD,Corsair CV550,1208.99,889
AMD Ryzen 7 5800X,Radeon RX 6600 XT,MSI B550M PRO-VDH WiFi,Kingston Fury Beast 64GB DDR4,WD Blue 4TB HDD,Corsair CV550,1279.98,879
AMD Ryzen 7 5800X,GeForce GTX 1070,MSI B550M PRO-VDH WiFi,Kingston Fury Beast 64GB DDR4,WD Blue 4TB HDD,Corsair CV550,1222.54,869
AMD Ryzen 7 5800X,GeForce GTX 1660 SUPER,MSI B550M PRO-VDH WiFi,Kingston Fury Beast 64GB DDR4,WD Blue 4TB HDD,Corsair CV550,1209.98,844
AMD Ryzen 7 5800X,GeForce GTX 1070 Ti,MSI B550M PRO-VDH WiFi,Kingston Fury Beast 64GB DDR4,WD Blue 4TB HDD,Corsair CV550,1268.99,899
AMD Ryzen 7 5800X,Radeon RX 6700 XT,MSI B550M PRO-VDH WiFi,Kingston Fury Beast 64GB DDR4,WD Blue 4TB HDD,Corsair CV550,1409.98,949
AMD Ryzen 7 5800X,GeForce RTX 2060,MSI B550M PRO-VDH WiFi,Kingston Fury Beast 64GB DDR4,WD Blue 4TB HDD,Corsair CV550,1269.98,879
AMD Ryzen 7 5800X,GeForce GTX 1080,MSI B550M PRO-VDH WiFi,Kingston Fury Beast 64GB DDR4,WD Blue 4TB HDD,Corsair CV550,1322.78,899
AMD Ryzen 7 5800X,GeForce GTX 1660 Ti,MSI B550M PRO-VDH WiFi,Kingston Fury Beast 64GB DDR4,WD Blue 4TB HDD,Corsair CV550,1229.98,839
AMD Ryzen 7 5800X,GeForce RTX 3060 Ti,MSI B550M PRO-VDH WiFi,Kingston Fury Beast 64GB DDR4,WD Blue 4TB HDD,Corsair CV550,1479.98,919
AMD Ryzen 7 5800X,GeForce RTX 2060 SUPER,MSI B550M PRO-VDH WiFi,Kingston Fury Beast 64GB DDR4,WD Blue 4TB HDD,Corsair CV550,1408.88,894
AMD Ryzen 7 5800X,GeForce GTX 1080 Ti,MSI B550M PRO-VDH WiFi,Kingston Fury Beast 64GB DDR4,WD Blue 4TB HDD,Corsair CV550,1484.1399999999999,969
AMD Ryzen 7 5800X,GeForce RTX 2070 SUPER,MSI B550M PRO-VDH WiFi,Kingston Fury Beast 64GB DDR4,WD Blue 4TB HDD,Corsair CV550,1493.79,934
AMD Ryzen 7 5800X,GeForce GTX 1660,MSI B550M PRO-VDH WiFi,Kingston Fury Beast 64GB DDR4,WD Blue 4TB HDD,Corsair CV550,1279.98,839
AMD Ryzen 7 5800X,GeForce GTX 780 Ti,MSI B550M PRO-VDH WiFi,Kingston Fury Beast 64GB DDR4,WD Blue 4TB HDD,Corsair CV550,1219.98,969
AMD Ryzen 7 5800X,Radeon R9 290X / 390X,MSI B550M PRO-VDH WiFi,Kingston Fury Beast 64GB DDR4,WD Blue 4TB HDD,MSI MAG A650BN,1219.98,1109
AMD Ryzen 7 5800X,Radeon RX 6600 XT,MSI B550M PRO-VDH WiFi,Kingston Fury Beast 64GB DDR4,Seagate Barracuda 2TB HDD,Corsair CV550,1229.98,878
AMD Ryzen 7 5800X,GeForce GTX 1070 Ti,MSI B550M PRO-VDH WiFi,Kingston Fury Beast 64GB DDR4,Seagate Barracuda 2TB HDD,Corsair CV550,1218.99,898
AMD Ryzen 7 5800X,Radeon RX 6700 XT,MSI B550M PRO-VDH WiFi,Kingston Fury Beast 64GB DDR4,Seagate Barracuda 2TB HDD,Corsair CV550,1359.98,948
AMD Ryzen 7 5800X,GeForce RTX 2060,MSI B550M PRO-VDH WiFi,Kingston Fury Beast 64GB DDR4,Seagate Barracuda 2TB HDD,Corsair CV550,1219.98,878
AMD Ryzen 7 5800X,GeForce GTX 1080,MSI B550M PRO-VDH WiFi,Kingston Fury Beast 64GB DDR4,Seagate Barracuda 2TB HDD,Corsair CV550,1272.78,898
AMD Ryzen 7 5800X,GeForce RTX 3060 Ti,MSI B550M PRO-VDH WiFi,Kingston Fury Beast 64GB DDR4,Seagate Barracuda 2TB HDD,Corsair CV550,1429.98,918
AMD Ryzen 7 5800X,GeForce RTX 2060 SUPER,MSI B550M PRO-VDH WiFi,Kingston Fury Beast 64GB DDR4,Seagate Barracuda 2TB HDD,Corsair CV550,1358.88,893
AMD Ryzen 7 5800X,GeForce GTX 1080 Ti,MSI B550M PRO-VDH WiFi,Kingston Fury Beast 64GB DDR4,Seagate Barracuda 2TB HDD,Corsair CV550,1434.1399999999999,968
AMD Ryzen 7 5800X,GeForce RTX 2070 SUPER,MSI B550M PRO-VDH WiFi,Kingston Fury Beast 64GB DDR4,Seagate Barracuda 2TB HDD,Corsair CV550,1443.79,933
AMD Ryzen 7 5800X,GeForce RTX 2080,MSI B550M PRO-VDH WiFi,Kingston Fury Beast 64GB DDR4,Seagate Barracuda 2TB HDD,Corsair CV550,1463.02,968
AMD Ryzen 7 5800X,GeForce GTX 1660,MSI B550M PRO-VDH WiFi,Kingston Fury Beast 64GB DDR4,Seagate Barracuda 2TB HDD,Corsair CV550,1229.98,838
AMD Ryzen 7 5800X,GeForce RTX 3060,MSI B550M PRO-VDH WiFi,Kingston Fury Beast 64GB DDR4,Crucial P3 Plus 2TB NVMe SSD,Corsair CV550,1248.99,887
AMD Ryzen 7 5800X,Radeon RX 6600 XT,MSI B550M PRO-VDH WiFi,Kingston Fury Beast 64GB DDR4,Crucial P3 Plus 2TB NVMe SSD,Corsair CV550,1319.98,877
AMD Ryzen 7 5800X,GeForce GTX 1070,MSI B550M PRO-VDH WiFi,Kingston Fury Beast 64GB DDR4,Crucial P3 Plus 2TB NVMe SSD,Corsair CV550,1262.54,867
AMD Ryzen 7 5800X,GeForce GTX 1660 SUPER,MSI B550M PRO-VDH WiFi,Kingston Fury Beast 64GB DDR4,Crucial P3 Plus 2TB NVMe SSD,Corsair CV550,1249.98,842
AMD Ryzen 7 5800X,GeForce GTX 1070 Ti,MSI B550M PRO-VDH WiFi,Kingston Fury Beast 64GB DDR4,Crucial P3 Plus 2TB NVMe SSD,Corsair CV550,1308.99,897
AMD Ryzen 7 5800X,Radeon RX 6700 XT,MSI B550M PRO-VDH WiFi,Kingston Fury Beast 64GB DDR4,Crucial P3 Plus 2TB NVMe SSD,Corsair CV550,1449.98,947
AMD Ryzen 7 5800X,GeForce RTX 2060,MSI B550M PRO-VDH WiFi,Kingston Fury Beast 64GB DDR4,Crucial P3 Plus 2TB NVMe SSD,Corsair CV550,1309.98,877
AMD Ryzen 7 5800X,GeForce GTX 1080,MSI B550M PRO-VDH WiFi,Kingston Fury Beast 64GB DDR4,Crucial P3 Plus 2TB NVMe SSD,Corsair CV550,1362.78,897
AMD Ryzen 7 5800X,GeForce GTX 1660 Ti,MSI B550M PRO-VDH WiFi,Kingston Fury Beast 64GB DDR4,Crucial P3 Plus 2TB NVMe SSD,Corsair CV550,1269.98,837
AMD Ryzen 7 5800X,GeForce GTX 1060 3GB,MSI B550M PRO-VDH WiFi,Kingston Fury Beast 64GB DDR4,Crucial P3 Plus 2TB NVMe SSD,Corsair CV550,1224.99,837
AMD Ryzen 7 5800X,GeForce RTX 2060 SUPER,MSI B550M PRO-VDH WiFi,Kingston Fury Beast 64GB DDR4,Crucial P3 Plus 2TB NVMe SSD,Corsair CV550,1448.88,892
AMD Ryzen 7 5800X,GeForce GTX 1660,MSI B550M PRO-VDH WiFi,Kingston Fury Beast 64GB DDR4,Crucial P3 Plus 2TB NVMe SSD,Corsair CV550,1319.98,837
AMD Ryzen 7 5800X,GeForce GTX 780 Ti,MSI B550M PRO-VDH WiFi,Kingston Fury Beast 64GB DDR4,Crucial P3 Plus 2TB NVMe SSD,Corsair CV550,1259.98,967
AMD Ryzen 7 5800X,Radeon R9 290X / 390X,MSI B550M PRO-VDH WiFi,Kingston Fury Beast 64GB DDR4,Crucial P3 Plus 2TB NVMe SSD,MSI MAG A650BN,1259.98,1107
AMD Ryzen 7 5800X,Radeon RX 6700 XT,MSI B550M PRO-VDH WiFi,Corsair Vengeance LPX 32GB DDR4,WD Blue 4TB HDD,Corsair CV550,1315.98,944
AMD Ryzen 7 5800X,GeForce GTX 1080,MSI B550M PRO-VDH WiFi,Corsair Vengeance LPX 32GB DDR4,WD Blue 4TB HDD,Corsair CV550,1228.78,894
AMD Ryzen 7 5800X,GeForce RTX 3060 Ti,MSI B550M PRO-VDH WiFi,Corsair Vengeance LPX 32GB DDR4,WD Blue 4TB HDD,Corsair CV550,1385.98,914
AMD Ryzen 7 5800X,GeForce RTX 2060 SUPER,MSI B550M PRO-VDH WiFi,Corsair Vengeance LPX 32GB DDR4,WD Blue 4TB HDD,Corsair CV550,1314.88,889
AMD Ryzen 7 5800X,GeForce GTX 1080 Ti,MSI B550M PRO-VDH WiFi,Corsair Vengeance LPX 32GB DDR4,WD Blue 4TB HDD,Corsair CV550,1390.1399999999999,964
AMD Ryzen 7 5800X,GeForce RTX 2070 SUPER,MSI B550M PRO-VDH WiFi,Corsair Vengeance LPX 32GB DDR4,WD Blue 4TB HDD,Corsair CV550,1399.79,929
AMD Ryzen 7 5800X,GeForce RTX 2080,MSI B550M PRO-VDH WiFi,Corsair Vengeance LPX 32GB DDR4,WD Blue 4TB HDD,Corsair CV550,1419.02,964
AMD Ryzen 7 5800X,GeForce RTX 2080 SUPER,MSI B550M PRO-VDH WiFi,Corsair Vengeance LPX 32GB DDR4,WD Blue 4TB HDD,Corsair CV550,1469.98,964
AMD Ryzen 7 5800X,Radeon RX 6700 XT,MSI B550M PRO-VDH WiFi,Corsair Vengeance LPX 32GB DDR4,Seagate Barracuda 2TB HDD,Corsair CV550,1265.98,943
AMD Ryzen 7 5800X,GeForce RTX 3060 Ti,MSI B550M PRO-VDH WiFi,Corsair Vengeance LPX 32GB DDR4,Seagate Barracuda 2TB HDD,Corsair CV550,1335.98,913
AMD Ryzen 7 5800X,GeForce RTX 2060 SUPER,MSI B550M PRO-VDH WiFi,Corsair Vengeance LPX 32GB DDR4,Seagate Barracuda 2TB HDD,Corsair CV550,1264.88,888
AMD Ryzen 7 5800X,GeForce RTX 3070,MSI B550M PRO-VDH WiFi,Corsair Vengeance LPX 32GB DDR4,Seagate Barracuda 2TB HDD,Corsair CV550,1455.98,933
AMD Ryzen 7 5800X,GeForce GTX 1080 Ti,MSI B550M PRO-VDH WiFi,Corsair Vengeance LPX 32GB DDR4,Seagate Barracuda 2TB HDD,Corsair CV550,1340.1399999999999,963
AMD Ryzen 7 5800X,GeForce RTX 2070 SUPER,MSI B550M PRO-VDH WiFi,Corsair Vengeance LPX 32GB DDR4,Seagate Barracuda 2TB HDD,Corsair CV550,1349.79,928
AMD Ryzen 7 5800X,GeForce RTX 2080,MSI B550M PRO-VDH WiFi,Corsair Vengeance LPX 32GB DDR4,Seagate Barracuda 2TB HDD,Corsair CV550,1369.02,963
AMD Ryzen 7 5800X,GeForce RTX 2080 SUPER,MSI B550M PRO-VDH WiFi,Corsair Vengeance LPX 32GB DDR4,Seagate Barracuda 2TB HDD,Corsair CV550,1419.98,963
AMD Ryzen 7 5800X,Radeon RX 6600 XT,MSI B550M PRO-VDH WiFi,Corsair Vengeance LPX 32GB DDR4,Crucial P3 Plus 2TB NVMe SSD,Corsair CV550,1225.98,872
AMD Ryzen 7 5800X,GeForce GTX 1070 Ti,MSI B550M PRO-VDH WiFi,Corsair Vengeance LPX 32GB DDR4,Crucial P3 Plus 2TB NVMe SSD,Corsair CV550,1214.99,892
AMD Ryzen 7 5800X,Radeon RX 6700 XT,MSI B550M PRO-VDH WiFi,Corsair Vengeance LPX 32GB DDR4,Crucial P3 Plus 2TB NVMe SSD,Corsair CV550,1355.98,942
AMD Ryzen 7 5800X,GeForce RTX 2060,MSI B550M PRO-VDH WiFi,Corsair Vengeance LPX 32GB DDR4,Crucial P3 Plus 2TB NVMe SSD,Corsair CV550,1215.98,872
AMD Ryzen 7 5800X,GeForce GTX 1080,MSI B550M PRO-VDH WiFi,Corsair Vengeance LPX 32GB DDR4,Crucial P3 Plus 2TB NVMe SSD,Corsair CV550,1268.78,892
AMD Ryzen 7 5800X,GeForce RTX 3060 Ti,MSI B550M PRO-VDH WiFi,Corsair Vengeance LPX 32GB DDR4,Crucial P3 Plus 2TB NVMe SSD,Corsair CV550,1425.98,912
AMD Ryzen 7 5800X,GeForce RTX 2060 SUPER,MSI B550M PRO-VDH WiFi,Corsair Vengeance LPX 32GB DDR4,Crucial P3 Plus 2TB NVMe SSD,Corsair CV550,1354.88,887
AMD Ryzen 7 5800X,GeForce GTX 1080 Ti,MSI B550M PRO-VDH WiFi,Corsair Vengeance LPX 32GB DDR4,Crucial P3 Plus 2TB NVMe SSD,Corsair CV550,1430.1399999999999,962
AMD Ryzen 7 5800X,GeForce RTX 2070 SUPER,MSI B550M PRO-VDH WiFi,Corsair Vengeance LPX 32GB DDR4,Crucial P3 Plus 2TB NVMe SSD,Corsair CV550,1439.79,927
AMD Ryzen 7 5800X,GeForce RTX 2080,MSI B550M PRO-VDH WiFi,Corsair Vengeance LPX 32GB DDR4,Crucial P3 Plus 2TB NVMe SSD,Corsair CV550,1459.02,962
AMD Ryzen 7 5800X,GeForce GTX 1660,MSI B550M PRO-VDH WiFi,Corsair Vengeance LPX 32GB DDR4,Crucial P3 Plus 2TB NVMe SSD,Corsair CV550,1225.98,832
AMD Ryzen 7 5800X,Radeon RX 6700 XT,MSI B550M PRO-VDH WiFi,G.Skill Ripjaws V 32GB DDR4,WD Blue 4TB HDD,Corsair CV550,1319.98,944
AMD Ryzen 7 5800X,GeForce GTX 1080,MSI B550M PRO-VDH WiFi,G.Skill Ripjaws V 32GB DDR4,WD Blue 4TB HDD,Corsair CV550,1232.78,894
AMD Ryzen 7 5800X,GeForce RTX 3060 Ti,MSI B550M PRO-VDH WiFi,G.Skill Ripjaws V 32GB DDR4,WD Blue 4TB HDD,Corsair CV550,1389.98,914
AMD Ryzen 7 5800X,GeForce RTX 2060 SUPER,MSI B550M PRO-VDH WiFi,G.Skill Ripjaws V 32GB DDR4,WD Blue 4TB HDD,Corsair CV550,1318.88,889
AMD Ryzen 7 5800X,GeForce GTX 1080 Ti,MSI B550M PRO-VDH WiFi,G.Skill Ripjaws V 32GB DDR4,WD Blue 4TB HDD,Corsair CV550,1394.1399999999999,964
AMD Ryzen 7 5800X,GeForce RTX 2070 SUPER,MSI B550M PRO-VDH WiFi,G.Skill Ripjaws V 32GB DDR4,WD Blue 4TB HDD,Corsair CV550,1403.79,929
AMD Ryzen 7 5800X,GeForce RTX 2080,MSI B550M PRO-VDH WiFi,G.Skill Ripjaws V 32GB DDR4,WD Blue 4TB HDD,Corsair CV550,1423.02,964
AMD Ryzen 7 5800X,GeForce RTX 2080 SUPER,MSI B550M PRO-VDH WiFi,G.Skill Ripjaws V 32GB DDR4,WD Blue 4TB HDD,Corsair CV550,1473.98,964
AMD Ryzen 7 5800X,Radeon RX 6700 XT,MSI B550M PRO-VDH WiFi,G.Skill Ripjaws V 32GB DDR4,Seagate Barracuda 2TB HDD,Corsair CV550,1269.98,943
AMD Ryzen 7 5800X,GeForce RTX 3060 Ti,MSI B550M PRO-VDH WiFi,G.Skill Ripjaws V 32GB DDR4,Seagate Barracuda 2TB HDD,Corsair CV550,1339.98,913
AMD Ryzen 7 5800X,GeForce RTX 2060 SUPER,MSI B550M PRO-VDH WiFi,G.Skill Ripjaws V 32GB DDR4,Seagate Barracuda 2TB HDD,Corsair CV550,1268.88,888
AMD Ryzen 7 5800X,GeForce RTX 3070,MSI B550M PRO-VDH WiFi,G.Skill Ripjaws V 32GB DDR4,Seagate Barracuda 2TB HDD,Corsair CV550,1459.98,933
AMD Ryzen 7 5800X,GeForce GTX 1080 Ti,MSI B550M PRO-VDH WiFi,G.Skill Ripjaws V 32GB DDR4,Seagate Barracuda 2TB HDD,Corsair CV550,1344.1399999999999,963
AMD Ryzen 7 5800X,GeForce RTX 2070 SUPER,MSI B550M PRO-VDH WiFi,G.Skill Ripjaws V 32GB DDR4,Seagate Barracuda 2TB HDD,Corsair CV550,1353.79,928
AMD Ryzen 7 5800X,GeForce RTX 2080,MSI B550M PRO-VDH WiFi,G.Skill Ripjaws V 32GB DDR4,Seagate Barracuda 2TB HDD,Corsair CV550,1373.02,963
AMD Ryzen 7 5800X,GeForce RTX 2080 SUPER,MSI B550M PRO-VDH WiFi,G.Skill Ripjaws V 32GB DDR4,Seagate Barracuda 2TB HDD,Corsair CV550,1423.98,963
AMD Ryzen 7 5800X,Radeon RX 6600 XT,MSI B550M PRO-VDH WiFi,G.Skill Ripjaws V 32GB DDR4,Crucial P3 Plus 2TB NVMe SSD,Corsair CV550,1229.98,872
AMD Ryzen 7 5800X,GeForce GTX 1070 Ti,MSI B550M PRO-VDH WiFi,G.Skill Ripjaws V 32GB DDR4,Crucial P3 Plus 2TB NVMe SSD,Corsair CV550,1218.99,892
AMD Ryzen 7 5800X,Radeon RX 6700 XT,MSI B550M PRO-VDH WiFi,G.Skill Ripjaws V 32GB DDR4,Crucial P3 Plus 2TB NVMe SSD,Corsair CV550,1359.98,942
AMD Ryzen 7 5800X,GeForce RTX 2060,MSI B550M PRO-VDH WiFi,G.Skill Ripjaws V 32GB DDR4,Crucial P3 Plus 2TB NVMe SSD,Corsair CV550,1219.98,872
AMD Ryzen 7 5800X,GeForce GTX 1080,MSI B550M PRO-VDH WiFi,G.Skill Ripjaws V 32GB DDR4,Crucial P3 Plus 2TB NVMe SSD,Corsair CV550,1272.78,892
AMD Ryzen 7 5800X,GeForce RTX 3060 Ti,MSI B550M PRO-VDH WiFi,G.Skill Ripjaws V 32GB DDR4,Crucial P3 Plus 2TB NVMe SSD,Corsair CV550,1429.98,912
AMD Ryzen 7 5800X,GeForce RTX 2060 SUPER,MSI B550M PRO-VDH WiFi,G.Skill Ripjaws V 32GB DDR4,Crucial P3 Plus 2TB NVMe SSD,Corsair CV550,1358.88,887
AMD Ryzen 7 5800X,GeForce GTX 1080 Ti,MSI B550M PRO-VDH WiFi,G.Skill Ripjaws V 32GB DDR4,Crucial P3 Plus 2TB NVMe SSD,Corsair CV550,1434.1399999999999,962
AMD Ryzen 7 5800X,GeForce RTX 2070 SUPER,MSI B550M PRO-VDH WiFi,G.Skill Ripjaws V 32GB DDR4,Crucial P3 Plus 2TB NVMe SSD,Corsair CV550,1443.79,927
AMD Ryzen 7 5800X,GeForce RTX 2080,MSI B550M PRO-VDH WiFi,G.Skill Ripjaws V 32GB DDR4,Crucial P3 Plus 2TB NVMe SSD,Corsair CV550,1463.02,962
AMD Ryzen 7 5800X,GeForce GTX 1660,MSI B550M PRO-VDH WiFi,G.Skill Ripjaws V 32GB DDR4,Crucial P3 Plus 2TB NVMe SSD,Corsair CV550,1229.98,832
